code,label
1,000001
2,000002
3,000004
4,000005
5,000006
6,000007
7,000008
8,000009
9,000010
10,000011
11,000012
12,000014
13,000016
14,000017
15,000019
16,000020
17,000021
18,000023
19,000025
20,000026
21,000027
22,000028
23,000029
24,000030
25,000031
26,000032
27,000034
28,000035
29,000036
30,000037
31,000038
32,000039
33,000040
34,000042
35,000045
36,000046
37,000048
38,000049
39,000050
40,000055
41,000056
42,000058
43,000059
44,000060
45,000061
46,000062
47,000063
48,000065
49,000066
50,000068
51,000069
52,000070
53,000078
54,000088
55,000089
56,000090
57,000096
58,000099
59,000100
60,000150
61,000151
62,000153
63,000155
64,000156
65,000157
66,000158
67,000159
68,000166
69,000301
70,000333
71,000338
72,000400
73,000401
74,000402
75,000403
76,000404
77,000407
78,000408
79,000409
80,000410
81,000411
82,000413
83,000415
84,000416
85,000417
86,000419
87,000420
88,000421
89,000422
90,000423
91,000425
92,000426
93,000428
94,000429
95,000430
96,000488
97,000498
98,000501
99,000502
100,000503
101,000504
102,000505
103,000506
104,000507
105,000509
106,000510
107,000513
108,000514
109,000516
110,000517
111,000518
112,000519
113,000520
114,000521
115,000523
116,000524
117,000525
118,000526
119,000528
120,000529
121,000530
122,000531
123,000532
124,000533
125,000534
126,000536
127,000537
128,000538
129,000539
130,000540
131,000541
132,000543
133,000544
134,000545
135,000546
136,000547
137,000548
138,000550
139,000551
140,000552
141,000553
142,000554
143,000555
144,000557
145,000558
146,000559
147,000560
148,000561
149,000563
150,000564
151,000565
152,000566
153,000567
154,000568
155,000570
156,000571
157,000572
158,000573
159,000576
160,000581
161,000582
162,000584
163,000585
164,000586
165,000587
166,000589
167,000590
168,000591
169,000592
170,000593
171,000595
172,000596
173,000597
174,000598
175,000599
176,000600
177,000601
178,000603
179,000605
180,000606
181,000607
182,000608
183,000609
184,000610
185,000611
186,000612
187,000613
188,000615
189,000616
190,000617
191,000619
192,000620
193,000622
194,000623
195,000625
196,000626
197,000627
198,000628
199,000629
200,000630
201,000631
202,000632
203,000633
204,000635
205,000636
206,000637
207,000638
208,000639
209,000650
210,000651
211,000652
212,000655
213,000656
214,000657
215,000659
216,000661
217,000662
218,000663
219,000665
220,000666
221,000667
222,000668
223,000669
224,000670
225,000671
226,000672
227,000673
228,000676
229,000677
230,000678
231,000679
232,000680
233,000681
234,000682
235,000683
236,000685
237,000686
238,000687
239,000688
240,000690
241,000691
242,000692
243,000695
244,000697
245,000698
246,000700
247,000701
248,000702
249,000703
250,000705
251,000707
252,000708
253,000709
254,000710
255,000711
256,000712
257,000713
258,000715
259,000716
260,000717
261,000718
262,000719
263,000720
264,000721
265,000722
266,000723
267,000725
268,000726
269,000727
270,000728
271,000729
272,000731
273,000732
274,000733
275,000735
276,000736
277,000737
278,000738
279,000739
280,000750
281,000751
282,000752
283,000753
284,000755
285,000756
286,000757
287,000758
288,000759
289,000760
290,000761
291,000762
292,000766
293,000767
294,000768
295,000776
296,000777
297,000778
298,000779
299,000780
300,000782
301,000783
302,000785
303,000786
304,000788
305,000789
306,000790
307,000791
308,000792
309,000793
310,000795
311,000796
312,000797
313,000798
314,000799
315,000800
316,000801
317,000802
318,000803
319,000806
320,000807
321,000809
322,000810
323,000811
324,000812
325,000813
326,000815
327,000816
328,000818
329,000819
330,000820
331,000821
332,000822
333,000823
334,000825
335,000826
336,000828
337,000829
338,000830
339,000831
340,000833
341,000835
342,000836
343,000837
344,000838
345,000839
346,000848
347,000850
348,000851
349,000852
350,000856
351,000858
352,000859
353,000860
354,000861
355,000862
356,000863
357,000868
358,000869
359,000875
360,000876
361,000877
362,000878
363,000880
364,000881
365,000882
366,000883
367,000885
368,000886
369,000887
370,000888
371,000889
372,000890
373,000892
374,000893
375,000895
376,000897
377,000898
378,000899
379,000900
380,000901
381,000902
382,000903
383,000905
384,000906
385,000908
386,000909
387,000910
388,000911
389,000912
390,000913
391,000915
392,000917
393,000918
394,000919
395,000920
396,000921
397,000922
398,000923
399,000925
400,000926
401,000927
402,000928
403,000929
404,000930
405,000931
406,000932
407,000933
408,000935
409,000936
410,000937
411,000938
412,000939
413,000948
414,000949
415,000950
416,000951
417,000952
418,000953
419,000955
420,000957
421,000958
422,000959
423,000960
424,000961
425,000962
426,000963
427,000965
428,000966
429,000967
430,000968
431,000969
432,000970
433,000971
434,000972
435,000973
436,000975
437,000976
438,000977
439,000978
440,000980
441,000981
442,000982
443,000983
444,000985
445,000987
446,000988
447,000989
448,000990
449,000993
450,000995
451,000996
452,000997
453,000998
454,000999
455,001696
456,001872
457,001896
458,001914
459,001965
460,001979
461,002001
462,002002
463,002003
464,002004
465,002005
466,002006
467,002007
468,002008
469,002009
470,002010
471,002011
472,002012
473,002013
474,002014
475,002015
476,002016
477,002017
478,002019
479,002020
480,002021
481,002022
482,002023
483,002024
484,002025
485,002026
486,002027
487,002028
488,002029
489,002030
490,002031
491,002032
492,002033
493,002034
494,002035
495,002036
496,002037
497,002038
498,002039
499,002040
500,002041
501,002042
502,002043
503,002044
504,002045
505,002046
506,002047
507,002048
508,002049
509,002050
510,002051
511,002052
512,002053
513,002054
514,002055
515,002056
516,002057
517,002058
518,002059
519,002060
520,002061
521,002062
522,002063
523,002064
524,002065
525,002066
526,002067
527,002068
528,002069
529,002071
530,002072
531,002073
532,002074
533,002075
534,002076
535,002077
536,002078
537,002079
538,002080
539,002081
540,002082
541,002083
542,002084
543,002085
544,002086
545,002087
546,002088
547,002089
548,002090
549,002091
550,002092
551,002093
552,002094
553,002095
554,002096
555,002097
556,002098
557,002099
558,002100
559,002101
560,002102
561,002103
562,002104
563,002105
564,002106
565,002107
566,002108
567,002109
568,002110
569,002111
570,002112
571,002113
572,002114
573,002115
574,002116
575,002117
576,002118
577,002119
578,002120
579,002121
580,002122
581,002123
582,002124
583,002125
584,002126
585,002127
586,002128
587,002129
588,002130
589,002131
590,002132
591,002133
592,002134
593,002135
594,002136
595,002137
596,002138
597,002139
598,002140
599,002141
600,002142
601,002144
602,002145
603,002146
604,002147
605,002148
606,002149
607,002150
608,002151
609,002152
610,002153
611,002154
612,002155
613,002156
614,002157
615,002158
616,002159
617,002160
618,002161
619,002162
620,002163
621,002164
622,002165
623,002166
624,002167
625,002168
626,002169
627,002170
628,002171
629,002172
630,002173
631,002174
632,002175
633,002176
634,002177
635,002178
636,002179
637,002180
638,002181
639,002182
640,002183
641,002184
642,002185
643,002186
644,002187
645,002188
646,002189
647,002190
648,002191
649,002192
650,002193
651,002194
652,002195
653,002196
654,002197
655,002198
656,002199
657,002200
658,002201
659,002202
660,002203
661,002204
662,002205
663,002206
664,002207
665,002208
666,002209
667,002210
668,002211
669,002212
670,002213
671,002214
672,002215
673,002216
674,002217
675,002218
676,002219
677,002221
678,002222
679,002223
680,002224
681,002225
682,002226
683,002227
684,002228
685,002229
686,002230
687,002231
688,002232
689,002233
690,002234
691,002235
692,002236
693,002237
694,002238
695,002239
696,002240
697,002241
698,002242
699,002243
700,002244
701,002245
702,002246
703,002247
704,002248
705,002249
706,002250
707,002251
708,002252
709,002253
710,002254
711,002255
712,002256
713,002258
714,002259
715,002260
716,002261
717,002262
718,002263
719,002264
720,002265
721,002266
722,002267
723,002268
724,002269
725,002270
726,002271
727,002272
728,002273
729,002274
730,002275
731,002276
732,002277
733,002278
734,002279
735,002280
736,002281
737,002282
738,002283
739,002284
740,002285
741,002286
742,002287
743,002288
744,002289
745,002290
746,002291
747,002292
748,002293
749,002294
750,002295
751,002296
752,002297
753,002298
754,002299
755,002300
756,002301
757,002302
758,002303
759,002304
760,002305
761,002306
762,002307
763,002308
764,002309
765,002310
766,002311
767,002312
768,002313
769,002314
770,002315
771,002316
772,002317
773,002318
774,002319
775,002320
776,002321
777,002322
778,002323
779,002324
780,002325
781,002326
782,002327
783,002328
784,002329
785,002330
786,002331
787,002332
788,002333
789,002334
790,002335
791,002336
792,002337
793,002338
794,002339
795,002340
796,002341
797,002342
798,002343
799,002344
800,002345
801,002346
802,002347
803,002348
804,002349
805,002350
806,002351
807,002352
808,002353
809,002354
810,002355
811,002356
812,002357
813,002358
814,002359
815,002360
816,002361
817,002362
818,002363
819,002364
820,002365
821,002366
822,002367
823,002368
824,002369
825,002370
826,002371
827,002372
828,002373
829,002374
830,002375
831,002376
832,002377
833,002378
834,002379
835,002380
836,002381
837,002382
838,002383
839,002384
840,002385
841,002386
842,002387
843,002388
844,002389
845,002390
846,002391
847,002392
848,002393
849,002394
850,002395
851,002396
852,002397
853,002398
854,002399
855,002400
856,002401
857,002402
858,002403
859,002404
860,002405
861,002406
862,002407
863,002408
864,002409
865,002410
866,002411
867,002412
868,002413
869,002414
870,002415
871,002416
872,002417
873,002418
874,002419
875,002420
876,002421
877,002422
878,002423
879,002424
880,002425
881,002426
882,002427
883,002428
884,002429
885,002430
886,002431
887,002432
888,002433
889,002434
890,002435
891,002436
892,002437
893,002438
894,002439
895,002440
896,002441
897,002442
898,002443
899,002444
900,002445
901,002446
902,002447
903,002448
904,002449
905,002450
906,002451
907,002452
908,002453
909,002454
910,002455
911,002456
912,002457
913,002458
914,002459
915,002460
916,002461
917,002462
918,002463
919,002464
920,002465
921,002466
922,002467
923,002468
924,002469
925,002470
926,002471
927,002472
928,002473
929,002474
930,002475
931,002476
932,002478
933,002479
934,002480
935,002481
936,002482
937,002483
938,002484
939,002485
940,002486
941,002487
942,002488
943,002489
944,002490
945,002491
946,002492
947,002493
948,002494
949,002495
950,002496
951,002497
952,002498
953,002499
954,002500
955,002501
956,002502
957,002503
958,002504
959,002505
960,002506
961,002507
962,002508
963,002510
964,002511
965,002512
966,002513
967,002514
968,002515
969,002516
970,002517
971,002518
972,002519
973,002520
974,002521
975,002522
976,002523
977,002524
978,002526
979,002527
980,002528
981,002529
982,002530
983,002531
984,002532
985,002533
986,002534
987,002535
988,002536
989,002537
990,002538
991,002539
992,002540
993,002541
994,002542
995,002543
996,002544
997,002545
998,002546
999,002547
1000,002548
1001,002549
1002,002550
1003,002551
1004,002552
1005,002553
1006,002554
1007,002555
1008,002556
1009,002557
1010,002558
1011,002559
1012,002560
1013,002561
1014,002562
1015,002563
1016,002564
1017,002565
1018,002566
1019,002567
1020,002568
1021,002569
1022,002570
1023,002571
1024,002572
1025,002573
1026,002574
1027,002575
1028,002576
1029,002577
1030,002578
1031,002579
1032,002580
1033,002581
1034,002582
1035,002583
1036,002584
1037,002585
1038,002586
1039,002587
1040,002588
1041,002589
1042,002590
1043,002591
1044,002592
1045,002593
1046,002594
1047,002595
1048,002596
1049,002597
1050,002598
1051,002599
1052,002600
1053,002601
1054,002602
1055,002603
1056,002605
1057,002606
1058,002607
1059,002608
1060,002609
1061,002610
1062,002611
1063,002612
1064,002613
1065,002614
1066,002615
1067,002616
1068,002617
1069,002618
1070,002619
1071,002620
1072,002621
1073,002622
1074,002623
1075,002624
1076,002625
1077,002626
1078,002627
1079,002628
1080,002629
1081,002630
1082,002631
1083,002632
1084,002633
1085,002634
1086,002635
1087,002636
1088,002637
1089,002638
1090,002639
1091,002640
1092,002641
1093,002642
1094,002643
1095,002644
1096,002645
1097,002646
1098,002647
1099,002648
1100,002649
1101,002650
1102,002651
1103,002652
1104,002653
1105,002654
1106,002655
1107,002656
1108,002657
1109,002658
1110,002659
1111,002660
1112,002661
1113,002662
1114,002663
1115,002664
1116,002665
1117,002666
1118,002667
1119,002668
1120,002669
1121,002670
1122,002671
1123,002672
1124,002673
1125,002674
1126,002675
1127,002676
1128,002677
1129,002678
1130,002679
1131,002681
1132,002682
1133,002683
1134,002684
1135,002685
1136,002686
1137,002687
1138,002688
1139,002689
1140,002690
1141,002691
1142,002692
1143,002693
1144,002694
1145,002695
1146,002696
1147,002697
1148,002698
1149,002699
1150,002700
1151,002701
1152,002702
1153,002703
1154,002705
1155,002706
1156,002707
1157,002708
1158,002709
1159,002711
1160,002712
1161,002713
1162,002714
1163,002715
1164,002716
1165,002717
1166,002718
1167,002719
1168,002721
1169,002722
1170,002723
1171,002724
1172,002725
1173,002726
1174,002727
1175,002728
1176,002729
1177,002730
1178,002731
1179,002732
1180,002733
1181,002734
1182,002735
1183,002736
1184,002737
1185,002738
1186,002739
1187,002740
1188,002741
1189,002742
1190,002743
1191,002745
1192,002746
1193,002747
1194,002748
1195,002749
1196,002750
1197,002751
1198,002752
1199,002753
1200,002755
1201,002756
1202,002757
1203,002758
1204,002759
1205,002760
1206,002761
1207,002762
1208,002763
1209,002765
1210,002766
1211,002767
1212,002768
1213,002769
1214,002770
1215,002771
1216,002772
1217,002773
1218,002774
1219,002775
1220,002776
1221,002777
1222,002778
1223,002779
1224,002780
1225,002781
1226,002782
1227,002783
1228,002785
1229,002786
1230,002787
1231,002788
1232,002789
1233,002790
1234,002791
1235,002792
1236,002793
1237,002795
1238,002796
1239,002797
1240,002798
1241,002799
1242,002800
1243,002801
1244,002802
1245,002803
1246,002805
1247,002806
1248,002807
1249,002808
1250,002809
1251,002810
1252,002811
1253,002812
1254,002813
1255,002815
1256,002816
1257,002817
1258,002818
1259,002819
1260,002820
1261,002821
1262,002822
1263,002823
1264,002824
1265,002825
1266,002826
1267,002827
1268,002828
1269,002829
1270,002830
1271,002831
1272,002832
1273,002833
1274,002835
1275,002836
1276,002837
1277,002838
1278,002839
1279,002840
1280,002841
1281,002842
1282,002843
1283,002845
1284,002846
1285,002847
1286,002848
1287,002849
1288,002850
1289,002851
1290,002852
1291,002853
1292,002855
1293,002856
1294,002857
1295,002858
1296,002859
1297,002860
1298,002861
1299,002862
1300,002863
1301,002864
1302,002865
1303,002866
1304,002867
1305,002868
1306,002869
1307,002870
1308,002871
1309,002872
1310,002873
1311,002875
1312,002876
1313,002877
1314,002878
1315,002879
1316,002880
1317,002881
1318,002882
1319,002883
1320,002884
1321,002885
1322,002886
1323,002887
1324,002888
1325,002889
1326,002890
1327,002891
1328,002892
1329,002893
1330,002895
1331,002896
1332,002897
1333,002898
1334,002899
1335,002900
1336,002901
1337,002902
1338,002903
1339,002905
1340,002906
1341,002907
1342,002908
1343,002909
1344,002910
1345,002911
1346,002912
1347,002913
1348,002915
1349,002916
1350,002917
1351,002918
1352,002919
1353,002920
1354,002921
1355,002922
1356,002923
1357,002925
1358,002926
1359,002927
1360,002928
1361,002929
1362,002930
1363,002931
1364,002932
1365,002933
1366,002935
1367,002936
1368,002937
1369,002938
1370,002939
1371,002940
1372,002941
1373,002942
1374,002943
1375,002945
1376,002946
1377,002947
1378,002948
1379,002949
1380,002950
1381,002951
1382,002952
1383,002953
1384,002955
1385,002956
1386,002957
1387,002958
1388,002959
1389,002960
1390,002961
1391,002962
1392,002963
1393,002965
1394,002966
1395,002967
1396,002968
1397,002969
1398,002970
1399,002971
1400,002972
1401,002973
1402,002975
1403,002976
1404,002977
1405,002978
1406,002979
1407,002980
1408,002981
1409,002982
1410,002983
1411,002984
1412,002985
1413,002986
1414,002987
1415,002988
1416,002989
1417,002990
1418,002991
1419,002992
1420,002993
1421,002995
1422,002996
1423,002997
1424,002998
1425,002999
1426,003000
1427,003001
1428,003002
1429,003003
1430,003004
1431,003005
1432,003006
1433,003007
1434,003008
1435,003009
1436,003010
1437,003011
1438,003012
1439,003013
1440,003015
1441,003016
1442,003017
1443,003018
1444,003019
1445,003816
1446,300001
1447,300002
1448,300003
1449,300004
1450,300005
1451,300006
1452,300007
1453,300008
1454,300009
1455,300010
1456,300011
1457,300012
1458,300013
1459,300014
1460,300015
1461,300016
1462,300017
1463,300018
1464,300019
1465,300020
1466,300021
1467,300022
1468,300023
1469,300024
1470,300025
1471,300026
1472,300027
1473,300029
1474,300030
1475,300031
1476,300032
1477,300033
1478,300034
1479,300035
1480,300036
1481,300037
1482,300038
1483,300039
1484,300040
1485,300041
1486,300042
1487,300043
1488,300044
1489,300045
1490,300046
1491,300047
1492,300048
1493,300049
1494,300050
1495,300051
1496,300052
1497,300053
1498,300054
1499,300055
1500,300056
1501,300057
1502,300058
1503,300059
1504,300061
1505,300062
1506,300063
1507,300064
1508,300065
1509,300066
1510,300067
1511,300068
1512,300069
1513,300070
1514,300071
1515,300072
1516,300073
1517,300074
1518,300075
1519,300076
1520,300077
1521,300078
1522,300079
1523,300080
1524,300081
1525,300082
1526,300083
1527,300084
1528,300085
1529,300086
1530,300087
1531,300088
1532,300089
1533,300091
1534,300092
1535,300093
1536,300094
1537,300095
1538,300096
1539,300097
1540,300098
1541,300099
1542,300100
1543,300101
1544,300102
1545,300103
1546,300105
1547,300106
1548,300107
1549,300108
1550,300109
1551,300110
1552,300111
1553,300112
1554,300113
1555,300114
1556,300115
1557,300116
1558,300117
1559,300118
1560,300119
1561,300120
1562,300121
1563,300122
1564,300123
1565,300124
1566,300125
1567,300126
1568,300127
1569,300128
1570,300129
1571,300130
1572,300131
1573,300132
1574,300133
1575,300134
1576,300135
1577,300136
1578,300137
1579,300138
1580,300139
1581,300140
1582,300141
1583,300142
1584,300143
1585,300144
1586,300145
1587,300146
1588,300147
1589,300148
1590,300149
1591,300150
1592,300151
1593,300152
1594,300153
1595,300154
1596,300155
1597,300157
1598,300158
1599,300159
1600,300160
1601,300161
1602,300162
1603,300163
1604,300164
1605,300165
1606,300166
1607,300167
1608,300168
1609,300169
1610,300170
1611,300171
1612,300172
1613,300173
1614,300174
1615,300175
1616,300176
1617,300177
1618,300178
1619,300179
1620,300180
1621,300181
1622,300182
1623,300183
1624,300184
1625,300185
1626,300187
1627,300188
1628,300189
1629,300190
1630,300191
1631,300192
1632,300193
1633,300194
1634,300195
1635,300196
1636,300197
1637,300198
1638,300199
1639,300200
1640,300201
1641,300202
1642,300203
1643,300204
1644,300205
1645,300206
1646,300207
1647,300208
1648,300209
1649,300210
1650,300211
1651,300212
1652,300213
1653,300214
1654,300215
1655,300217
1656,300218
1657,300219
1658,300220
1659,300221
1660,300222
1661,300223
1662,300224
1663,300225
1664,300226
1665,300227
1666,300228
1667,300229
1668,300230
1669,300231
1670,300232
1671,300233
1672,300234
1673,300235
1674,300236
1675,300237
1676,300238
1677,300239
1678,300240
1679,300241
1680,300242
1681,300243
1682,300244
1683,300245
1684,300246
1685,300247
1686,300248
1687,300249
1688,300250
1689,300251
1690,300252
1691,300253
1692,300254
1693,300255
1694,300256
1695,300257
1696,300258
1697,300259
1698,300260
1699,300261
1700,300262
1701,300263
1702,300264
1703,300265
1704,300266
1705,300267
1706,300268
1707,300269
1708,300270
1709,300271
1710,300272
1711,300273
1712,300274
1713,300275
1714,300276
1715,300277
1716,300278
1717,300279
1718,300280
1719,300281
1720,300282
1721,300283
1722,300284
1723,300285
1724,300286
1725,300287
1726,300288
1727,300289
1728,300290
1729,300291
1730,300292
1731,300293
1732,300294
1733,300295
1734,300296
1735,300297
1736,300298
1737,300299
1738,300300
1739,300301
1740,300302
1741,300303
1742,300304
1743,300305
1744,300306
1745,300307
1746,300308
1747,300309
1748,300310
1749,300311
1750,300312
1751,300313
1752,300314
1753,300315
1754,300316
1755,300317
1756,300318
1757,300319
1758,300320
1759,300321
1760,300322
1761,300323
1762,300324
1763,300325
1764,300326
1765,300327
1766,300328
1767,300329
1768,300330
1769,300331
1770,300332
1771,300333
1772,300334
1773,300335
1774,300336
1775,300337
1776,300338
1777,300339
1778,300340
1779,300341
1780,300342
1781,300343
1782,300344
1783,300345
1784,300346
1785,300347
1786,300348
1787,300349
1788,300350
1789,300351
1790,300352
1791,300353
1792,300354
1793,300355
1794,300356
1795,300357
1796,300358
1797,300359
1798,300360
1799,300362
1800,300363
1801,300364
1802,300365
1803,300366
1804,300367
1805,300368
1806,300369
1807,300370
1808,300371
1809,300373
1810,300374
1811,300375
1812,300376
1813,300377
1814,300378
1815,300379
1816,300380
1817,300381
1818,300382
1819,300383
1820,300384
1821,300385
1822,300386
1823,300387
1824,300388
1825,300389
1826,300390
1827,300391
1828,300392
1829,300393
1830,300394
1831,300395
1832,300396
1833,300397
1834,300398
1835,300399
1836,300400
1837,300401
1838,300402
1839,300403
1840,300404
1841,300405
1842,300406
1843,300407
1844,300408
1845,300409
1846,300410
1847,300411
1848,300412
1849,300413
1850,300414
1851,300415
1852,300416
1853,300417
1854,300418
1855,300419
1856,300420
1857,300421
1858,300422
1859,300423
1860,300424
1861,300425
1862,300426
1863,300427
1864,300428
1865,300429
1866,300430
1867,300432
1868,300433
1869,300434
1870,300435
1871,300436
1872,300437
1873,300438
1874,300439
1875,300440
1876,300441
1877,300442
1878,300443
1879,300444
1880,300445
1881,300446
1882,300447
1883,300448
1884,300449
1885,300450
1886,300451
1887,300452
1888,300453
1889,300454
1890,300455
1891,300456
1892,300457
1893,300458
1894,300459
1895,300460
1896,300461
1897,300462
1898,300463
1899,300464
1900,300465
1901,300466
1902,300467
1903,300468
1904,300469
1905,300470
1906,300471
1907,300472
1908,300473
1909,300474
1910,300475
1911,300476
1912,300477
1913,300478
1914,300479
1915,300480
1916,300481
1917,300482
1918,300483
1919,300484
1920,300485
1921,300486
1922,300487
1923,300488
1924,300489
1925,300490
1926,300491
1927,300492
1928,300493
1929,300494
1930,300495
1931,300496
1932,300497
1933,300498
1934,300499
1935,300500
1936,300501
1937,300502
1938,300503
1939,300504
1940,300505
1941,300506
1942,300507
1943,300508
1944,300509
1945,300510
1946,300511
1947,300512
1948,300513
1949,300514
1950,300515
1951,300516
1952,300517
1953,300518
1954,300519
1955,300520
1956,300521
1957,300522
1958,300523
1959,300525
1960,300526
1961,300527
1962,300528
1963,300529
1964,300530
1965,300531
1966,300532
1967,300533
1968,300534
1969,300535
1970,300536
1971,300537
1972,300538
1973,300539
1974,300540
1975,300541
1976,300542
1977,300543
1978,300545
1979,300546
1980,300547
1981,300548
1982,300549
1983,300550
1984,300551
1985,300552
1986,300553
1987,300554
1988,300555
1989,300556
1990,300557
1991,300558
1992,300559
1993,300560
1994,300561
1995,300562
1996,300563
1997,300564
1998,300565
1999,300566
2000,300567
2001,300568
2002,300569
2003,300570
2004,300571
2005,300572
2006,300573
2007,300575
2008,300576
2009,300577
2010,300578
2011,300579
2012,300580
2013,300581
2014,300582
2015,300583
2016,300584
2017,300585
2018,300586
2019,300587
2020,300588
2021,300589
2022,300590
2023,300591
2024,300592
2025,300593
2026,300594
2027,300595
2028,300596
2029,300597
2030,300598
2031,300599
2032,300600
2033,300601
2034,300602
2035,300603
2036,300604
2037,300605
2038,300606
2039,300607
2040,300608
2041,300609
2042,300610
2043,300611
2044,300612
2045,300613
2046,300615
2047,300616
2048,300617
2049,300618
2050,300619
2051,300620
2052,300621
2053,300622
2054,300623
2055,300624
2056,300625
2057,300626
2058,300627
2059,300628
2060,300629
2061,300630
2062,300631
2063,300632
2064,300633
2065,300634
2066,300635
2067,300636
2068,300637
2069,300638
2070,300639
2071,300640
2072,300641
2073,300642
2074,300643
2075,300644
2076,300645
2077,300647
2078,300648
2079,300649
2080,300650
2081,300651
2082,300652
2083,300653
2084,300654
2085,300655
2086,300656
2087,300657
2088,300658
2089,300659
2090,300660
2091,300661
2092,300662
2093,300663
2094,300664
2095,300665
2096,300666
2097,300667
2098,300668
2099,300669
2100,300670
2101,300671
2102,300672
2103,300673
2104,300674
2105,300675
2106,300676
2107,300677
2108,300678
2109,300679
2110,300680
2111,300681
2112,300682
2113,300683
2114,300684
2115,300685
2116,300686
2117,300687
2118,300688
2119,300689
2120,300690
2121,300691
2122,300692
2123,300693
2124,300694
2125,300695
2126,300696
2127,300697
2128,300698
2129,300699
2130,300700
2131,300701
2132,300702
2133,300703
2134,300705
2135,300706
2136,300707
2137,300708
2138,300709
2139,300710
2140,300711
2141,300712
2142,300713
2143,300715
2144,300716
2145,300717
2146,300718
2147,300719
2148,300720
2149,300721
2150,300722
2151,300723
2152,300724
2153,300725
2154,300726
2155,300727
2156,300729
2157,300730
2158,300731
2159,300732
2160,300733
2161,300735
2162,300736
2163,300737
2164,300738
2165,300739
2166,300740
2167,300741
2168,300742
2169,300743
2170,300745
2171,300746
2172,300747
2173,300748
2174,300749
2175,300750
2176,300751
2177,300752
2178,300753
2179,300755
2180,300756
2181,300757
2182,300758
2183,300759
2184,300760
2185,300761
2186,300762
2187,300763
2188,300765
2189,300766
2190,300767
2191,300768
2192,300769
2193,300770
2194,300771
2195,300772
2196,300773
2197,300775
2198,300776
2199,300777
2200,300778
2201,300779
2202,300780
2203,300781
2204,300782
2205,300783
2206,300785
2207,300786
2208,300787
2209,300788
2210,300789
2211,300790
2212,300791
2213,300792
2214,300793
2215,300795
2216,300796
2217,300797
2218,300798
2219,300799
2220,300800
2221,300801
2222,300802
2223,300803
2224,300805
2225,300806
2226,300807
2227,300808
2228,300809
2229,300810
2230,300811
2231,300812
2232,300813
2233,300815
2234,300816
2235,300817
2236,300818
2237,300819
2238,300820
2239,300821
2240,300822
2241,300823
2242,300824
2243,300825
2244,300826
2245,300827
2246,300828
2247,300829
2248,300830
2249,300831
2250,300832
2251,300833
2252,300835
2253,300836
2254,300837
2255,300838
2256,300839
2257,300840
2258,300841
2259,300842
2260,300843
2261,300845
2262,300846
2263,300847
2264,300848
2265,300849
2266,300850
2267,300851
2268,300852
2269,300853
2270,300855
2271,300856
2272,300857
2273,300858
2274,300859
2275,300860
2276,300861
2277,300862
2278,300863
2279,300864
2280,300865
2281,300866
2282,300867
2283,300868
2284,300869
2285,300870
2286,300871
2287,300872
2288,300873
2289,300875
2290,300876
2291,300877
2292,300878
2293,300879
2294,300880
2295,300881
2296,300882
2297,300883
2298,300884
2299,300885
2300,300886
2301,300887
2302,300888
2303,300889
2304,300890
2305,300891
2306,300892
2307,300893
2308,300895
2309,300896
2310,300897
2311,300898
2312,300899
2313,300900
2314,300901
2315,300902
2316,300903
2317,300905
2318,300906
2319,300907
2320,300908
2321,300909
2322,300910
2323,300911
2324,300915
2325,300916
2326,300999
2327,600000
2328,600004
2329,600006
2330,600007
2331,600008
2332,600009
2333,600010
2334,600011
2335,600012
2336,600015
2337,600016
2338,600017
2339,600018
2340,600019
2341,600020
2342,600021
2343,600022
2344,600023
2345,600025
2346,600026
2347,600027
2348,600028
2349,600029
2350,600030
2351,600031
2352,600033
2353,600035
2354,600036
2355,600037
2356,600038
2357,600039
2358,600048
2359,600050
2360,600051
2361,600052
2362,600053
2363,600054
2364,600055
2365,600056
2366,600057
2367,600058
2368,600059
2369,600060
2370,600061
2371,600062
2372,600063
2373,600064
2374,600066
2375,600067
2376,600068
2377,600070
2378,600071
2379,600072
2380,600073
2381,600075
2382,600076
2383,600077
2384,600078
2385,600079
2386,600080
2387,600081
2388,600082
2389,600083
2390,600084
2391,600085
2392,600086
2393,600088
2394,600089
2395,600090
2396,600091
2397,600093
2398,600094
2399,600095
2400,600096
2401,600097
2402,600098
2403,600099
2404,600100
2405,600101
2406,600103
2407,600104
2408,600105
2409,600106
2410,600107
2411,600108
2412,600109
2413,600110
2414,600111
2415,600112
2416,600113
2417,600114
2418,600115
2419,600116
2420,600117
2421,600118
2422,600119
2423,600120
2424,600121
2425,600122
2426,600123
2427,600125
2428,600126
2429,600127
2430,600128
2431,600129
2432,600130
2433,600131
2434,600132
2435,600133
2436,600135
2437,600136
2438,600137
2439,600138
2440,600139
2441,600141
2442,600143
2443,600145
2444,600146
2445,600148
2446,600149
2447,600150
2448,600151
2449,600152
2450,600153
2451,600155
2452,600156
2453,600157
2454,600158
2455,600159
2456,600160
2457,600161
2458,600162
2459,600163
2460,600165
2461,600166
2462,600167
2463,600168
2464,600169
2465,600170
2466,600171
2467,600172
2468,600173
2469,600176
2470,600177
2471,600178
2472,600179
2473,600180
2474,600182
2475,600183
2476,600184
2477,600185
2478,600186
2479,600187
2480,600188
2481,600189
2482,600190
2483,600191
2484,600192
2485,600193
2486,600195
2487,600196
2488,600197
2489,600198
2490,600199
2491,600200
2492,600201
2493,600202
2494,600203
2495,600206
2496,600207
2497,600208
2498,600209
2499,600210
2500,600211
2501,600212
2502,600213
2503,600215
2504,600216
2505,600217
2506,600218
2507,600219
2508,600220
2509,600221
2510,600222
2511,600223
2512,600225
2513,600226
2514,600227
2515,600228
2516,600229
2517,600230
2518,600231
2519,600232
2520,600233
2521,600234
2522,600235
2523,600236
2524,600237
2525,600238
2526,600239
2527,600241
2528,600242
2529,600243
2530,600246
2531,600247
2532,600248
2533,600249
2534,600250
2535,600251
2536,600252
2537,600255
2538,600256
2539,600257
2540,600258
2541,600259
2542,600260
2543,600261
2544,600262
2545,600265
2546,600266
2547,600267
2548,600268
2549,600269
2550,600271
2551,600272
2552,600273
2553,600275
2554,600276
2555,600277
2556,600278
2557,600279
2558,600280
2559,600281
2560,600282
2561,600283
2562,600284
2563,600285
2564,600287
2565,600288
2566,600289
2567,600290
2568,600291
2569,600292
2570,600293
2571,600295
2572,600297
2573,600298
2574,600299
2575,600300
2576,600301
2577,600302
2578,600303
2579,600305
2580,600306
2581,600307
2582,600308
2583,600309
2584,600310
2585,600311
2586,600312
2587,600313
2588,600315
2589,600316
2590,600317
2591,600318
2592,600319
2593,600320
2594,600321
2595,600322
2596,600323
2597,600325
2598,600326
2599,600327
2600,600328
2601,600329
2602,600330
2603,600331
2604,600332
2605,600333
2606,600335
2607,600336
2608,600337
2609,600338
2610,600339
2611,600340
2612,600343
2613,600345
2614,600346
2615,600348
2616,600350
2617,600351
2618,600352
2619,600353
2620,600354
2621,600355
2622,600356
2623,600358
2624,600359
2625,600360
2626,600361
2627,600362
2628,600363
2629,600365
2630,600366
2631,600367
2632,600368
2633,600369
2634,600370
2635,600371
2636,600372
2637,600373
2638,600375
2639,600376
2640,600377
2641,600378
2642,600379
2643,600380
2644,600381
2645,600382
2646,600383
2647,600385
2648,600386
2649,600387
2650,600388
2651,600389
2652,600390
2653,600391
2654,600392
2655,600393
2656,600395
2657,600396
2658,600397
2659,600398
2660,600399
2661,600400
2662,600403
2663,600405
2664,600406
2665,600408
2666,600409
2667,600410
2668,600415
2669,600416
2670,600418
2671,600419
2672,600420
2673,600421
2674,600422
2675,600423
2676,600425
2677,600426
2678,600428
2679,600429
2680,600433
2681,600435
2682,600436
2683,600438
2684,600439
2685,600444
2686,600446
2687,600448
2688,600449
2689,600452
2690,600455
2691,600456
2692,600458
2693,600459
2694,600460
2695,600461
2696,600462
2697,600463
2698,600466
2699,600467
2700,600468
2701,600469
2702,600470
2703,600475
2704,600476
2705,600477
2706,600478
2707,600479
2708,600480
2709,600481
2710,600482
2711,600483
2712,600486
2713,600487
2714,600488
2715,600489
2716,600490
2717,600491
2718,600493
2719,600495
2720,600496
2721,600497
2722,600498
2723,600499
2724,600500
2725,600501
2726,600502
2727,600503
2728,600505
2729,600506
2730,600507
2731,600508
2732,600509
2733,600510
2734,600511
2735,600512
2736,600513
2737,600515
2738,600516
2739,600517
2740,600518
2741,600519
2742,600520
2743,600521
2744,600522
2745,600523
2746,600525
2747,600526
2748,600527
2749,600528
2750,600529
2751,600530
2752,600531
2753,600532
2754,600533
2755,600535
2756,600536
2757,600537
2758,600538
2759,600539
2760,600540
2761,600543
2762,600545
2763,600546
2764,600547
2765,600548
2766,600549
2767,600550
2768,600551
2769,600552
2770,600555
2771,600556
2772,600557
2773,600558
2774,600559
2775,600560
2776,600561
2777,600562
2778,600563
2779,600565
2780,600566
2781,600567
2782,600568
2783,600569
2784,600570
2785,600571
2786,600572
2787,600573
2788,600575
2789,600576
2790,600577
2791,600578
2792,600579
2793,600580
2794,600581
2795,600582
2796,600583
2797,600584
2798,600585
2799,600586
2800,600587
2801,600588
2802,600589
2803,600590
2804,600592
2805,600593
2806,600594
2807,600595
2808,600596
2809,600597
2810,600598
2811,600599
2812,600600
2813,600601
2814,600602
2815,600603
2816,600604
2817,600605
2818,600606
2819,600608
2820,600609
2821,600610
2822,600611
2823,600612
2824,600613
2825,600615
2826,600616
2827,600617
2828,600618
2829,600619
2830,600620
2831,600621
2832,600622
2833,600623
2834,600624
2835,600626
2836,600628
2837,600629
2838,600630
2839,600633
2840,600634
2841,600635
2842,600636
2843,600637
2844,600638
2845,600639
2846,600640
2847,600641
2848,600642
2849,600643
2850,600644
2851,600645
2852,600647
2853,600648
2854,600649
2855,600650
2856,600651
2857,600652
2858,600653
2859,600654
2860,600655
2861,600657
2862,600658
2863,600660
2864,600661
2865,600662
2866,600663
2867,600664
2868,600665
2869,600666
2870,600667
2871,600668
2872,600671
2873,600673
2874,600674
2875,600675
2876,600676
2877,600678
2878,600679
2879,600681
2880,600682
2881,600683
2882,600684
2883,600685
2884,600686
2885,600687
2886,600688
2887,600689
2888,600690
2889,600691
2890,600692
2891,600693
2892,600694
2893,600695
2894,600696
2895,600697
2896,600698
2897,600699
2898,600702
2899,600703
2900,600704
2901,600705
2902,600706
2903,600707
2904,600708
2905,600710
2906,600711
2907,600712
2908,600713
2909,600714
2910,600715
2911,600716
2912,600717
2913,600718
2914,600719
2915,600720
2916,600721
2917,600722
2918,600723
2919,600724
2920,600725
2921,600726
2922,600727
2923,600728
2924,600729
2925,600730
2926,600731
2927,600732
2928,600733
2929,600734
2930,600735
2931,600736
2932,600737
2933,600738
2934,600739
2935,600740
2936,600741
2937,600742
2938,600743
2939,600744
2940,600745
2941,600746
2942,600748
2943,600749
2944,600750
2945,600751
2946,600753
2947,600754
2948,600755
2949,600756
2950,600757
2951,600758
2952,600759
2953,600760
2954,600761
2955,600763
2956,600764
2957,600765
2958,600766
2959,600767
2960,600768
2961,600769
2962,600770
2963,600771
2964,600773
2965,600774
2966,600775
2967,600776
2968,600777
2969,600778
2970,600779
2971,600780
2972,600781
2973,600782
2974,600783
2975,600784
2976,600785
2977,600787
2978,600789
2979,600790
2980,600791
2981,600792
2982,600793
2983,600794
2984,600795
2985,600796
2986,600797
2987,600798
2988,600800
2989,600801
2990,600802
2991,600803
2992,600804
2993,600805
2994,600807
2995,600808
2996,600809
2997,600810
2998,600811
2999,600812
3000,600814
3001,600815
3002,600816
3003,600817
3004,600818
3005,600819
3006,600820
3007,600821
3008,600822
3009,600823
3010,600824
3011,600825
3012,600826
3013,600827
3014,600828
3015,600829
3016,600830
3017,600831
3018,600833
3019,600834
3020,600835
3021,600836
3022,600837
3023,600838
3024,600839
3025,600841
3026,600843
3027,600844
3028,600845
3029,600846
3030,600847
3031,600848
3032,600850
3033,600851
3034,600853
3035,600854
3036,600855
3037,600856
3038,600857
3039,600858
3040,600859
3041,600860
3042,600861
3043,600862
3044,600863
3045,600864
3046,600865
3047,600866
3048,600867
3049,600868
3050,600869
3051,600870
3052,600871
3053,600872
3054,600873
3055,600874
3056,600875
3057,600876
3058,600877
3059,600879
3060,600880
3061,600881
3062,600882
3063,600883
3064,600884
3065,600885
3066,600886
3067,600887
3068,600888
3069,600889
3070,600890
3071,600892
3072,600893
3073,600894
3074,600895
3075,600896
3076,600897
3077,600898
3078,600900
3079,600901
3080,600903
3081,600908
3082,600909
3083,600917
3084,600918
3085,600919
3086,600926
3087,600928
3088,600929
3089,600933
3090,600936
3091,600939
3092,600956
3093,600958
3094,600959
3095,600960
3096,600961
3097,600962
3098,600963
3099,600965
3100,600966
3101,600967
3102,600968
3103,600969
3104,600970
3105,600971
3106,600973
3107,600975
3108,600976
3109,600977
3110,600978
3111,600979
3112,600980
3113,600981
3114,600982
3115,600983
3116,600984
3117,600985
3118,600986
3119,600987
3120,600988
3121,600989
3122,600990
3123,600992
3124,600993
3125,600995
3126,600996
3127,600997
3128,600998
3129,600999
3130,601000
3131,601001
3132,601002
3133,601003
3134,601005
3135,601006
3136,601007
3137,601008
3138,601009
3139,601010
3140,601011
3141,601012
3142,601015
3143,601016
3144,601018
3145,601019
3146,601020
3147,601021
3148,601028
3149,601038
3150,601058
3151,601066
3152,601068
3153,601069
3154,601077
3155,601086
3156,601088
3157,601098
3158,601099
3159,601100
3160,601101
3161,601106
3162,601107
3163,601108
3164,601111
3165,601113
3166,601116
3167,601117
3168,601118
3169,601126
3170,601127
3171,601128
3172,601137
3173,601138
3174,601139
3175,601155
3176,601158
3177,601162
3178,601163
3179,601166
3180,601168
3181,601169
3182,601177
3183,601179
3184,601186
3185,601187
3186,601188
3187,601198
3188,601199
3189,601200
3190,601208
3191,601211
3192,601212
3193,601216
3194,601218
3195,601222
3196,601225
3197,601226
3198,601228
3199,601229
3200,601231
3201,601233
3202,601236
3203,601238
3204,601258
3205,601288
3206,601298
3207,601311
3208,601318
3209,601319
3210,601326
3211,601328
3212,601330
3213,601333
3214,601336
3215,601339
3216,601360
3217,601366
3218,601368
3219,601369
3220,601375
3221,601377
3222,601388
3223,601390
3224,601398
3225,601399
3226,601456
3227,601500
3228,601512
3229,601515
3230,601518
3231,601519
3232,601555
3233,601566
3234,601567
3235,601568
3236,601577
3237,601579
3238,601588
3239,601595
3240,601598
3241,601599
3242,601600
3243,601601
3244,601606
3245,601607
3246,601608
3247,601609
3248,601611
3249,601615
3250,601616
3251,601618
3252,601619
3253,601628
3254,601633
3255,601636
3256,601658
3257,601666
3258,601668
3259,601669
3260,601677
3261,601678
3262,601686
3263,601688
3264,601689
3265,601696
3266,601698
3267,601699
3268,601700
3269,601702
3270,601717
3271,601718
3272,601727
3273,601766
3274,601777
3275,601778
3276,601788
3277,601789
3278,601798
3279,601799
3280,601800
3281,601801
3282,601808
3283,601811
3284,601816
3285,601818
3286,601827
3287,601828
3288,601838
3289,601857
3290,601858
3291,601860
3292,601865
3293,601866
3294,601869
3295,601872
3296,601877
3297,601878
3298,601880
3299,601881
3300,601882
3301,601886
3302,601888
3303,601890
3304,601898
3305,601899
3306,601900
3307,601901
3308,601908
3309,601916
3310,601918
3311,601919
3312,601928
3313,601929
3314,601933
3315,601939
3316,601949
3317,601952
3318,601958
3319,601965
3320,601966
3321,601968
3322,601969
3323,601975
3324,601985
3325,601988
3326,601989
3327,601990
3328,601991
3329,601992
3330,601995
3331,601996
3332,601997
3333,601998
3334,601999
3335,603000
3336,603001
3337,603002
3338,603003
3339,603005
3340,603006
3341,603007
3342,603008
3343,603009
3344,603010
3345,603011
3346,603012
3347,603013
3348,603015
3349,603016
3350,603017
3351,603018
3352,603019
3353,603020
3354,603021
3355,603022
3356,603023
3357,603025
3358,603026
3359,603027
3360,603028
3361,603029
3362,603030
3363,603031
3364,603032
3365,603033
3366,603035
3367,603036
3368,603037
3369,603038
3370,603039
3371,603040
3372,603041
3373,603042
3374,603043
3375,603045
3376,603050
3377,603053
3378,603055
3379,603056
3380,603058
3381,603059
3382,603060
3383,603063
3384,603066
3385,603067
3386,603068
3387,603069
3388,603076
3389,603077
3390,603078
3391,603079
3392,603080
3393,603081
3394,603083
3395,603085
3396,603086
3397,603087
3398,603088
3399,603089
3400,603090
3401,603093
3402,603095
3403,603096
3404,603098
3405,603099
3406,603100
3407,603101
3408,603103
3409,603105
3410,603106
3411,603108
3412,603109
3413,603110
3414,603111
3415,603112
3416,603113
3417,603115
3418,603116
3419,603117
3420,603118
3421,603121
3422,603123
3423,603126
3424,603127
3425,603128
3426,603129
3427,603131
3428,603133
3429,603136
3430,603138
3431,603139
3432,603155
3433,603156
3434,603157
3435,603158
3436,603159
3437,603160
3438,603161
3439,603165
3440,603166
3441,603167
3442,603168
3443,603169
3444,603177
3445,603178
3446,603179
3447,603180
3448,603181
3449,603183
3450,603185
3451,603186
3452,603187
3453,603188
3454,603189
3455,603192
3456,603195
3457,603196
3458,603197
3459,603198
3460,603199
3461,603200
3462,603203
3463,603208
3464,603212
3465,603214
3466,603217
3467,603218
3468,603220
3469,603221
3470,603222
3471,603223
3472,603225
3473,603226
3474,603227
3475,603228
3476,603229
3477,603232
3478,603233
3479,603236
3480,603238
3481,603239
3482,603256
3483,603258
3484,603259
3485,603260
3486,603266
3487,603267
3488,603268
3489,603269
3490,603277
3491,603278
3492,603279
3493,603283
3494,603286
3495,603288
3496,603289
3497,603290
3498,603297
3499,603298
3500,603299
3501,603300
3502,603301
3503,603303
3504,603305
3505,603306
3506,603308
3507,603309
3508,603311
3509,603313
3510,603315
3511,603316
3512,603317
3513,603318
3514,603319
3515,603320
3516,603321
3517,603322
3518,603323
3519,603326
3520,603327
3521,603328
3522,603329
3523,603330
3524,603331
3525,603332
3526,603333
3527,603335
3528,603336
3529,603337
3530,603338
3531,603339
3532,603345
3533,603348
3534,603351
3535,603353
3536,603355
3537,603356
3538,603357
3539,603358
3540,603359
3541,603360
3542,603363
3543,603365
3544,603366
3545,603367
3546,603368
3547,603369
3548,603377
3549,603378
3550,603379
3551,603380
3552,603383
3553,603385
3554,603386
3555,603387
3556,603388
3557,603389
3558,603390
3559,603392
3560,603393
3561,603396
3562,603398
3563,603399
3564,603408
3565,603416
3566,603421
3567,603429
3568,603439
3569,603444
3570,603456
3571,603458
3572,603466
3573,603477
3574,603486
3575,603488
3576,603489
3577,603496
3578,603499
3579,603500
3580,603501
3581,603505
3582,603506
3583,603507
3584,603508
3585,603515
3586,603516
3587,603517
3588,603518
3589,603519
3590,603520
3591,603527
3592,603528
3593,603530
3594,603533
3595,603535
3596,603536
3597,603538
3598,603551
3599,603555
3600,603556
3601,603557
3602,603558
3603,603559
3604,603565
3605,603566
3606,603567
3607,603568
3608,603569
3609,603577
3610,603578
3611,603579
3612,603580
3613,603583
3614,603585
3615,603586
3616,603587
3617,603588
3618,603589
3619,603590
3620,603595
3621,603596
3622,603598
3623,603599
3624,603600
3625,603601
3626,603602
3627,603603
3628,603605
3629,603606
3630,603607
3631,603608
3632,603609
3633,603610
3634,603611
3635,603612
3636,603613
3637,603615
3638,603616
3639,603617
3640,603618
3641,603619
3642,603626
3643,603628
3644,603629
3645,603630
3646,603633
3647,603636
3648,603637
3649,603638
3650,603639
3651,603648
3652,603650
3653,603655
3654,603656
3655,603657
3656,603658
3657,603659
3658,603660
3659,603661
3660,603662
3661,603663
3662,603665
3663,603666
3664,603667
3665,603668
3666,603669
3667,603676
3668,603677
3669,603678
3670,603679
3671,603680
3672,603681
3673,603682
3674,603683
3675,603685
3676,603686
3677,603687
3678,603688
3679,603689
3680,603690
3681,603693
3682,603696
3683,603697
3684,603698
3685,603699
3686,603700
3687,603701
3688,603703
3689,603706
3690,603707
3691,603708
3692,603709
3693,603711
3694,603712
3695,603713
3696,603716
3697,603717
3698,603718
3699,603719
3700,603721
3701,603722
3702,603725
3703,603726
3704,603727
3705,603728
3706,603729
3707,603730
3708,603733
3709,603737
3710,603738
3711,603739
3712,603755
3713,603757
3714,603758
3715,603766
3716,603767
3717,603768
3718,603773
3719,603776
3720,603777
3721,603778
3722,603779
3723,603786
3724,603787
3725,603788
3726,603789
3727,603790
3728,603797
3729,603798
3730,603799
3731,603800
3732,603801
3733,603803
3734,603806
3735,603808
3736,603809
3737,603810
3738,603811
3739,603813
3740,603815
3741,603816
3742,603817
3743,603818
3744,603819
3745,603822
3746,603823
3747,603825
3748,603826
3749,603828
3750,603829
3751,603833
3752,603838
3753,603839
3754,603843
3755,603848
3756,603855
3757,603856
3758,603858
3759,603859
3760,603860
3761,603861
3762,603863
3763,603866
3764,603867
3765,603868
3766,603869
3767,603871
3768,603876
3769,603877
3770,603878
3771,603879
3772,603880
3773,603881
3774,603882
3775,603883
3776,603885
3777,603886
3778,603887
3779,603888
3780,603889
3781,603890
3782,603893
3783,603895
3784,603896
3785,603897
3786,603898
3787,603899
3788,603900
3789,603901
3790,603903
3791,603906
3792,603908
3793,603909
3794,603912
3795,603915
3796,603916
3797,603917
3798,603918
3799,603919
3800,603920
3801,603922
3802,603926
3803,603927
3804,603928
3805,603929
3806,603931
3807,603933
3808,603936
3809,603937
3810,603938
3811,603939
3812,603948
3813,603949
3814,603950
3815,603955
3816,603956
3817,603958
3818,603959
3819,603960
3820,603963
3821,603966
3822,603967
3823,603968
3824,603969
3825,603970
3826,603976
3827,603977
3828,603978
3829,603979
3830,603980
3831,603982
3832,603983
3833,603985
3834,603986
3835,603987
3836,603988
3837,603989
3838,603990
3839,603991
3840,603992
3841,603993
3842,603995
3843,603996
3844,603997
3845,603998
3846,603999
3847,605001
3848,605003
3849,605006
3850,605007
3851,605008
3852,605009
3853,605018
3854,605050
3855,605058
3856,605066
3857,605068
3858,605088
3859,605099
3860,605100
3861,605108
3862,605111
3863,605116
3864,605118
3865,605123
3866,605128
3867,605136
3868,605158
3869,605166
3870,605168
3871,605169
3872,605177
3873,605178
3874,605188
3875,605198
3876,605199
3877,605218
3878,605222
3879,605255
3880,605258
3881,605266
3882,605288
3883,605318
3884,605333
3885,605336
3886,605338
3887,605358
3888,605366
3889,605369
3890,605388
3891,605399
3892,688001
3893,688002
3894,688003
3895,688004
3896,688005
3897,688006
3898,688007
3899,688008
3900,688009
3901,688010
3902,688011
3903,688012
3904,688013
3905,688015
3906,688016
3907,688017
3908,688018
3909,688019
3910,688020
3911,688021
3912,688022
3913,688023
3914,688025
3915,688026
3916,688027
3917,688028
3918,688029
3919,688030
3920,688033
3921,688036
3922,688037
3923,688039
3924,688050
3925,688051
3926,688055
3927,688056
3928,688057
3929,688058
3930,688060
3931,688065
3932,688066
3933,688068
3934,688069
3935,688077
3936,688078
3937,688080
3938,688081
3939,688085
3940,688086
3941,688088
3942,688089
3943,688090
3944,688093
3945,688095
3946,688096
3947,688098
3948,688099
3949,688100
3950,688101
3951,688106
3952,688108
3953,688111
3954,688116
3955,688118
3956,688122
3957,688123
3958,688126
3959,688127
3960,688128
3961,688129
3962,688133
3963,688135
3964,688138
3965,688139
3966,688155
3967,688156
3968,688157
3969,688158
3970,688159
3971,688160
3972,688165
3973,688166
3974,688168
3975,688169
3976,688177
3977,688178
3978,688179
3979,688180
3980,688181
3981,688185
3982,688186
3983,688188
3984,688189
3985,688196
3986,688198
3987,688199
3988,688200
3989,688202
3990,688208
3991,688215
3992,688218
3993,688219
3994,688221
3995,688222
3996,688228
3997,688229
3998,688233
3999,688256
4000,688258
4001,688266
4002,688268
4003,688277
4004,688278
4005,688286
4006,688288
4007,688289
4008,688298
4009,688299
4010,688300
4011,688301
4012,688309
4013,688310
4014,688311
4015,688312
4016,688313
4017,688318
4018,688321
4019,688330
4020,688333
4021,688335
4022,688336
4023,688338
4024,688339
4025,688356
4026,688357
4027,688358
4028,688360
4029,688363
4030,688365
4031,688366
4032,688368
4033,688369
4034,688377
4035,688378
4036,688379
4037,688386
4038,688388
4039,688389
4040,688390
4041,688393
4042,688396
4043,688398
4044,688399
4045,688408
4046,688418
4047,688466
4048,688488
4049,688500
4050,688505
4051,688508
4052,688513
4053,688516
4054,688518
4055,688519
4056,688520
4057,688521
4058,688526
4059,688528
4060,688529
4061,688536
4062,688550
4063,688551
4064,688555
4065,688556
4066,688557
4067,688558
4068,688559
4069,688561
4070,688566
4071,688567
4072,688568
4073,688569
4074,688577
4075,688578
4076,688579
4077,688580
4078,688585
4079,688586
4080,688588
4081,688589
4082,688595
4083,688596
4084,688598
4085,688599
4086,688600
4087,688777
4088,688788
4089,688981
4090,689009
