s,n
601216,57400
600028,28200
2429,18400
2475,1900
601336,1300
799,700
601138,4400
2027,5800
2156,2000
600765,3200
601899,6300
600109,3200
2151,1000
300782,100
600276,500
776,2500
300482,600
300413,600
568,200
2736,2600
975,3600
2812,300
2384,1100
600521,900
600409,3400
603517,400
600667,2700
601801,5700
2506,7200
21,1400
629,12100
2555,1000
987,1700
300059,1000
300244,800
600808,10200
600733,2900
603233,300
300124,200
2389,600
600909,2000
600048,900
2709,200
600298,300
603737,100
2368,500
651,200
600872,200
600760,200
600845,200
2318,1200
2375,1400
2311,200
600782,2600
2230,300
2572,400
603338,100
603659,100
895,200
300373,200
300073,200
600009,100
34,300
********
s,p
000001,19.3
000002,30
000004,26.26
000005,2.61
000006,5.76
000007,8.14
000008,2.76
000009,7.22
000010,4.15
000011,13.58
000012,6.75
000014,9.21
000016,6.86
000017,2.57
000019,8.03
000020,10.44
000021,21.35
000023,17.32
000025,18.88
000026,12.63
000027,5.6
000028,51.73
000029,8.58
000030,7.43
000031,4.87
000032,21.43
000034,24.27
000035,4.61
000036,4.2
000037,11.36
000038,11.38
000039,14.81
000040,3.4
000042,9.18
000045,8.01
000046,4.01
000048,24
000049,51.9
000050,15.84
000055,4.71
000056,3.38
000058,7.07
000059,5.72
000060,4.8
000061,6.98
000062,14.27
000063,34.81
000065,7.99
000066,15.4
000068,3.08
000069,7.09
000070,10.34
000078,4.16
000088,6.85
000089,8.82
000090,6.78
000096,10.2
000099,7.67
000100,7.19
000150,3.14
000151,8.84
000153,8.53
000155,6.46
000156,9.68
000157,10.22
000158,7.49
000159,5.68
000166,5.43
000301,10.11
000333,88.36
000338,17.03
000400,16.21
000401,15.72
000402,6.86
000403,42.28
000404,4.32
000407,4.75
000408,8.08
000409,4.15
000410,4.3
000411,20.11
000413,2.79
000415,2.8
000416,6.07
000417,5.35
000419,5.14
000420,2.08
000421,6.21
000422,3.01
000423,44.28
000425,5.74
000426,7.68
000428,2.81
000429,6.8
000430,5.04
000488,6.6
000498,5.18
000501,12.83
000502,7.83
000503,10.85
000504,11.98
000505,9.04
000506,2.66
000507,5.77
000509,2.41
000510,4.53
000513,44.33
000514,4.01
000516,8.9
000517,3.15
000518,4.78
000519,10
000520,3.51
000521,3.42
000523,3.99
000524,8.15
000525,7.09
000526,57.64
000528,7.89
000529,7.12
000530,3.85
000531,9.72
000532,13.47
000533,3.09
000534,13.55
000536,2.33
000537,6.73
000538,101.15
000539,3.82
000540,3.46
000541,6.05
000543,4.09
000544,7.28
000545,3.59
000546,7.95
000547,22.1
000548,4.19
000550,19.35
000551,9.4
000552,3.06
000553,8.4
000554,4.77
000555,17.53
000557,3.47
000558,3.37
000559,6.25
000560,3.9
000561,7.28
000563,3.9
000564,3.18
000565,5.28
000566,8.94
000567,10.18
000568,190.8
000570,5.03
000571,2.99
000572,3.07
000573,3.09
000576,10.98
000581,25.71
000582,11.17
000584,6.36
000585,1.86
000586,8.33
000587,1.54
000589,6.61
000590,9.98
000591,4.82
000592,2.96
000593,5.85
000595,2.13
000596,226
000597,5.57
000598,5.08
000599,4.7
000600,5.64
000601,7.09
000603,15.11
000605,6.25
000606,4.07
000607,4.08
000608,3.84
000609,5.6
000610,8.93
000611,3.23
000612,7.35
000613,6.05
000615,5.29
000616,2.7
000617,7.2
000619,6.7
000620,2.89
000622,3.86
000623,17.55
000625,24.8
000626,10.37
000627,5.26
000628,8.52
000629,2.42
000630,2.67
000631,2.89
000632,4.25
000633,4.68
000635,8.55
000636,36.3
000637,4.38
000638,7.98
000639,5.97
000650,6.71
000651,69
000652,4.86
000655,8.33
000656,7.86
000657,7.3
000659,2.68
000661,390.4
000662,1.19
000663,3.89
000665,5.02
000666,8.72
000667,3.97
000668,16.21
000669,2.29
000671,7.15
000672,22.85
000673,1.42
000676,6.1
000677,3.01
000678,5.07
000679,3.28
000680,3.87
000681,15.94
000682,5.13
000683,2.24
000685,8.73
000686,10.18
000687,1.82
000688,10.62
000690,7.15
000691,5.43
000692,3.14
000695,6.94
000697,9.42
000698,5.11
000700,6.39
000701,5.91
000702,6.25
000703,13.02
000705,7.88
000707,2.42
000708,20.84
000709,2.26
000710,44.15
000711,3.13
000712,16
000713,10.38
000715,5.54
000716,3.48
000717,4.83
000718,3.32
000719,7.36
000720,4.06
000721,4.35
000722,6.51
000723,6.71
000725,5.36
000726,7.1
000727,2.5
000728,9.26
000729,8.58
000731,5.17
000732,3.86
000733,45.3
000735,10.08
000736,7.15
000737,4.27
000738,21.06
000739,23.45
000750,5.8
000751,3.69
000752,3.62
000753,3.03
000755,3.72
000756,9.9
000757,4.81
000758,5.15
000759,6.75
000761,3.38
000762,12.35
000766,4.72
000767,2.57
000768,31.09
000776,17.06
000777,12.66
000778,3.83
000779,10.17
000780,3.41
000782,3.54
000783,8.69
000785,8.32
000786,39
000788,6.76
000789,14.77
000790,5.09
000791,3.85
000793,2.92
000795,5.87
000796,13.79
000797,3.31
000798,10.5
000799,115.1
000800,12.33
000801,5.98
000802,7.22
000803,14.14
000806,1.75
000807,8.91
000809,2.16
000810,9.2
000811,8.17
000812,3.16
000813,6.46
000815,5.85
000816,3.4
000818,20.07
000819,7.39
000820,1.09
000821,7.03
000822,3.9
000823,12.88
000825,3.74
000826,7.56
000828,9.64
000829,7.15
000830,13.25
000831,14.3
000833,4.77
000835,1.69
000836,3.15
000837,7.18
000838,3
000839,2.67
000848,7.26
000850,4.2
000851,7.68
000852,4.83
000856,8.32
000858,267.19
000859,5.76
000860,62.6
000861,2.68
000862,4.2
000863,5.07
000868,4.4
000869,38.8
000875,4.02
000876,26.57
000877,16.24
000878,16.11
000880,10.15
000881,8.99
000882,2.01
000883,4
000885,12.11
000886,5.7
000887,12.44
000888,6.04
000889,5.97
000890,2.68
000892,3.18
000893,9.11
000895,48.08
000897,2.66
000898,3.16
000899,4.73
000900,3.98
000901,10.37
000902,13.85
000903,4.35
000905,7.35
000906,7.12
000908,5.49
000909,8.42
000910,17.42
000911,7.99
000912,4.24
000913,25.47
000915,26.48
000917,5.56
000918,4.31
000919,6.8
000920,8.15
000921,15.55
000922,7.87
000923,25.32
000925,7.13
000926,5.32
000927,4.35
000928,4.23
000929,9.13
000930,9.2
000931,7.81
000932,5.28
000933,7.96
000935,13.65
000936,7.74
000937,3.97
000938,23.07
000948,10.92
000949,3.54
000950,5.58
000951,34.99
000952,8.34
000953,4.92
000955,7.25
000957,8.34
000958,4.59
000959,4.07
000960,10.79
000961,9.91
000962,8.49
000963,29.33
000965,3.26
000966,3.89
000967,9.22
000968,8.04
000969,6.9
000970,9.84
000971,2.37
000972,2.5
000973,4.99
000975,9.18
000976,5.89
000977,28.97
000978,4.87
000980,1.48
000981,2.52
000982,1.16
000983,5.64
000985,14.6
000987,16.78
000988,24.78
000989,8.77
000990,14.27
000993,6.37
000996,10.16
000997,15.71
000998,18
000999,27.15
001696,8.47
001872,16.17
001896,3.96
001914,24.64
001965,7.44
001979,14.11
002001,32.99
002002,3.94
002003,7.49
002004,5.55
002005,1.37
002006,5.13
002007,46.07
002008,39.48
002009,9.64
002010,5.4
002011,3.92
002012,5.97
002013,10.67
002014,10.56
002015,6.06
002016,6.92
002017,10.98
002019,22.43
002020,11.33
002021,2.07
002022,18.18
002023,14.99
002024,9.05
002025,53.01
002026,10.8
002027,10.28
002028,22.82
002029,5.46
002030,33.72
002031,2.14
002032,72.17
002033,6.46
002034,16.77
002035,9.64
002036,12.05
002037,7.71
002038,11.51
002039,15.94
002040,6.85
002041,17.85
002042,7.14
002043,9.31
002044,13.04
002045,8.76
002046,8.81
002047,4.31
002048,16.47
002049,108.47
002050,23.67
002051,7.54
002052,1.21
002053,7.76
002054,8.79
002055,14.75
002056,13.54
002057,7.72
002058,17.56
002059,4.93
002060,3.18
002061,5.57
002062,4.32
002063,8.3
002064,9.4
002065,9.45
002066,9.46
002067,3.66
002068,6.42
002069,4.3
002071,1.33
002072,4.42
002073,4.42
002074,28.66
002075,12.02
002076,1.84
002077,7.01
002078,15.38
002079,11.55
002080,19.29
002081,10.41
002082,13.54
002083,5.03
002084,8.49
002085,7.38
002086,2.01
002087,4.08
002088,12.26
002089,2.22
002090,9.02
002091,6.64
002092,6.22
002093,8.28
002094,3.98
002095,18.09
002096,14.18
002097,8.68
002098,6.1
002099,8.98
002100,13.49
002101,7.64
002102,1.84
002103,5.2
002104,8.36
002105,8.73
002106,12.43
002107,8.81
002108,4.83
002109,3.52
002110,7.05
002111,16.49
002112,9.11
002113,1.63
002114,7.2
002115,7.3
002116,7.2
002117,10.26
002118,4.06
002119,11.97
002120,18.07
002121,3.6
002122,2.28
002123,18.91
002124,15.72
002125,6.95
002126,12.17
002127,16.8
002128,11.29
002129,24.18
002130,5.53
002131,3.4
002132,3.4
002133,3.25
002134,9.66
002135,7.93
002136,10.95
002137,7.22
002138,27.19
002139,8.69
002140,7.46
002141,2.79
002142,36.87
002144,13.04
002145,6.08
002146,7.28
002147,1.34
002148,4.93
002149,11.76
002150,6.99
002151,56.29
002152,11.98
002153,34.95
002154,3.61
002155,8.68
002156,29.51
002157,19.01
002158,14.16
002159,13.01
002160,4.13
002161,6.51
002162,3.51
002163,21.05
002164,5.69
002165,5.81
002166,8.8
002167,5.84
002168,6.41
002169,7.39
002170,4.2
002171,9.43
002172,3.37
002173,7.18
002174,17.05
002175,1.3
002176,2.87
002177,5.2
002178,3.63
002179,61.38
002180,31.19
002181,4.96
002182,12.13
002183,4.95
002184,13.77
002185,15.98
002186,11.35
002187,9.08
002188,3.04
002189,17.62
002190,29
002191,10.61
002192,29.4
002193,7.46
002194,15.47
002195,2.55
002196,8.15
002197,8.86
002198,4.98
002199,7.96
002200,5.34
002201,14.24
002202,12.41
002203,8.51
002204,3.7
002205,8.56
002206,4.22
002207,7.34
002208,9.7
002209,7.78
002210,2.22
002211,7.05
002212,22.14
002213,16.48
002214,25.12
002215,6.17
002216,27.49
002217,4.63
002218,4.43
002219,1.93
002221,11.22
002222,15.08
002223,28.59
002224,6.37
002225,5.27
002226,7.49
002227,16.8
002228,4.45
002229,7.09
002230,38.71
002231,6.1
002232,12.51
002233,13.65
002234,17.32
002235,5.96
002236,21.46
002237,14.02
002238,6.53
002239,4.87
002240,16.6
002241,38.35
002242,33.8
002243,12.53
002244,5.23
002245,10.01
002246,7.63
002247,1.78
002248,6.84
002249,4.37
002250,24.4
002251,10.36
002252,8.41
002253,15.57
002254,16.72
002255,4.3
002256,1.24
002258,23.02
002259,3.29
002261,7.21
002262,19.15
002263,2.67
002264,5.14
002265,8.24
002266,4.56
002267,6.79
002268,19.22
002269,1.94
002270,5.94
002271,35.1
002272,6.5
002273,13.29
002274,4.95
002275,14.56
002276,8.63
002277,4.02
002278,6.03
002279,5.51
002280,1.85
002281,32.13
002282,10.85
002283,6.63
002284,5.92
002285,5.12
002286,11.04
002287,28.3
002288,6.97
002289,9.66
002290,6.27
002291,18.5
002292,8.14
002293,12.73
002294,28.31
002295,7.55
002296,7.77
002297,7.98
002298,10.03
002299,27.39
002300,6.25
002301,15.05
002302,9.4
002303,4.64
002304,196.88
002305,2.17
002306,2.83
002307,5.35
002308,5.92
002309,5.37
002310,4.8
002311,60.22
002312,5.96
002313,14.47
002314,3.49
002315,18.4
002316,4.9
002317,12.96
002318,10.12
002319,6.78
002320,9.57
002321,4.49
002322,13.02
002323,3.37
002324,15.9
002325,3.02
002326,9.24
002327,8.05
002328,5.85
002329,4.76
002330,7.11
002331,12.87
002332,14.28
002333,5.38
002334,5.45
002335,22.75
002336,3.97
002337,3.5
002338,21.52
002339,6.78
002340,5.27
002341,4.22
002342,3.55
002343,7.32
002344,4.18
002345,4.79
002346,11.07
002347,4.63
002348,3.16
002349,5.07
002350,5.62
002351,16.26
002352,83.06
002353,36.76
002354,3.17
002355,6.5
002356,1.24
002357,6.23
002358,5.04
002360,6.5
002361,4.77
002362,26.19
002363,6.65
002364,9.89
002365,10.85
002366,4.34
002367,10.4
002368,28.48
002369,6.25
002370,4.58
002371,165.38
002372,20
002373,20.66
002374,2.57
002375,8.64
002376,9.34
002377,4.49
002378,5.59
002379,3.16
002380,15.2
002381,9.64
002382,20.63
002383,8.25
002384,28.66
002385,9.1
002386,5.93
002387,13.2
002388,6.66
002389,28.01
002390,7.16
002391,7.5
002392,4.99
002393,25.05
002394,10.71
002395,14.98
002396,24.46
002397,4.8
002398,8.86
002399,19.66
002400,6.13
002401,13.81
002402,17.82
002403,8.29
002404,7.45
002405,15.62
002406,7.15
002407,16.39
002408,9.1
002409,59.13
002410,66.35
002411,6.35
002412,7.03
002413,7.86
002414,38.12
002415,45.87
002416,8.4
002417,8.2
002418,1.95
002419,8.71
002420,4.26
002421,3.98
002422,21.31
002423,10.26
002424,9.01
002425,9.12
002426,2.04
002427,5.26
002428,14.43
002429,6.28
002430,26.14
002431,3.61
002432,9.68
002433,4.57
002434,9.53
002435,4.07
002436,11.36
002437,3.11
002438,10.75
002439,30.2
002440,10.06
002441,8.69
002442,4.75
002443,7.25
002444,27.79
002445,1.93
002446,7.22
002447,2.34
002448,5.91
002449,11.53
002451,7.97
002452,6.63
002453,5.77
002454,6.39
002455,5.38
002456,15.57
002457,8.15
002458,12.51
002459,32
002460,78.02
002461,10.09
002462,15.46
002463,20.17
002464,4.28
002465,11.98
002466,27.21
002467,6.58
002468,12.82
002469,6.05
002470,1.38
002471,2.68
002472,7.43
002473,5.79
002474,7.04
002475,52.14
002476,5.27
002478,4.81
002479,6.26
002480,4.86
002481,16.22
002482,3.51
002483,6.85
002484,11.51
002485,5.19
002486,3.32
002487,9.04
002488,9.18
002489,4.3
002490,3.55
002491,4.71
002492,6
002493,25.55
002494,4.58
002495,2.76
002496,2.85
002497,16.94
002498,4.13
002499,4.49
002500,8.26
002501,2.42
002502,2.95
002503,2.32
002504,2.68
002505,2.56
002506,4.16
002507,41.99
002508,41.57
002510,5.63
002511,21.7
002512,5.39
002513,4.68
002514,4.05
002515,5.97
002516,3.95
002517,4.63
002518,12.8
002519,4.51
002520,6.97
002521,5.89
002522,7.55
002523,2.64
002524,14.3
002526,2.63
002527,6.3
002528,4.21
002529,5.67
002530,8.23
002531,7.7
002532,8.57
002533,5.95
002534,10.63
002535,1.56
002536,6.09
002537,7.3
002538,6.43
002539,7.44
002540,5.23
002541,36.1
002542,3.45
002543,9.05
002544,16
002545,7.85
002546,4.32
002547,4.98
002548,8.77
002549,8.3
002550,4.61
002551,6.73
002552,14.36
002553,8.99
002554,2.57
002555,29.18
002556,8.64
002557,59.43
002558,17.8
002559,5.98
002560,8.64
002561,7.83
002562,5.82
002563,9.6
002564,3.54
002565,5.3
002566,7.04
002567,8.67
002568,78.86
002569,12.02
002570,5.9
002571,10.66
002572,28.8
002573,5.63
002574,4.9
002575,3.16
002576,12.13
002577,13.43
002578,3.79
002579,14.14
002580,6.11
002581,18.3
002582,13.31
002583,7.11
002584,6.49
002585,10.48
002586,2.09
002587,6.09
002588,5.37
002589,5.78
002590,8.33
002591,6.5
002592,4.19
002593,4.05
002594,171.86
002595,26.27
002596,6.07
002597,33.3
002598,6.9
002599,4.35
002600,14.28
002601,31.93
002602,8.21
002603,25.66
002605,28.28
002606,7.1
002607,37.67
002608,6.52
002609,10.87
002610,2.32
002611,5.04
002612,13.21
002613,4.28
002614,14.22
002615,5.49
002616,8.47
002617,7.86
002618,7.31
002619,2.2
002620,6.4
002621,6.54
002622,3.44
002623,37.88
002624,28.85
002625,20.19
002626,35.94
002627,5.47
002628,4.04
002629,2.29
002630,2.56
002631,7.22
002632,7.66
002633,8.4
002634,7.84
002635,19.17
002636,10.07
002637,13.19
002638,1.66
002639,7.06
002640,6.18
002641,7.28
002642,5.23
002643,19.95
002644,7.79
002645,9.43
002646,16.14
002647,25.9
002648,25.7
002649,10.48
002650,6.76
002651,10.2
002652,4.9
002653,20.59
002654,4.31
002655,8.37
002656,1.79
002657,13.09
002658,6.32
002659,6.9
002660,8.85
002661,20.79
002662,4.2
002663,2.25
002664,15.94
002665,2.5
002666,6
002667,7.48
002668,4.52
002669,18.27
002670,15.5
002671,4.56
002672,9.48
002673,9.89
002674,19.19
002675,25.9
002676,3.68
002677,17.36
002678,7.73
002679,11.26
002681,5.08
002682,4.54
002683,34.4
002684,3.59
002685,4.85
002686,6.48
002687,6.12
002688,6.09
002689,3.7
002690,47
002691,5.05
002692,2.91
002693,4.71
002694,2.99
002695,23.41
002696,6.18
002697,7.28
002698,12.12
002699,7.59
002700,4.19
002701,5.81
002702,9.66
002703,5.32
002705,41.33
002706,25.78
002707,6.41
002708,7.01
002709,75.98
002712,5.79
002713,7.86
002714,78.14
002715,19.12
002716,2.64
002717,4.08
002718,17.1
002719,7.77
002721,3.59
002722,12.78
002723,12.45
002724,8.95
002725,9.89
002726,13.49
002727,42.4
002728,13.26
002729,48.44
002730,12.11
002731,7.09
002732,24.44
002733,19.92
002734,13.61
002735,38.03
002736,14.15
002737,15.13
002738,21.53
002739,18.89
002740,5.62
002741,13.31
002742,6.93
002743,7.87
002745,15.05
002746,12.15
002747,24.1
002748,7.09
002749,12.4
002750,11.42
002751,21.13
002752,5.96
002753,8.82
002755,15.3
002756,29.93
002757,17.13
002758,11.85
002759,13.19
002760,19.49
002761,8.92
002762,5.68
002763,8.05
002765,6.61
002766,3
002767,13.46
002768,32.15
002769,7.7
002770,2.01
002771,12.41
002772,9.7
002773,44.49
002774,6.96
002775,5.37
002776,6.05
002777,24.83
002778,27.67
002779,14.47
002780,18.29
002781,18.13
002782,14.22
002783,12.6
002785,16.81
002786,7.67
002787,7.21
002788,9.15
002789,18.7
002790,6.41
002791,132.07
002792,20.88
002793,12
002795,15.17
002796,14.25
002797,10.79
002798,21.9
002799,17.59
002800,21.93
002801,35.29
002802,28.5
002803,33.41
002805,13.52
002806,12.3
002807,4.4
002808,8.11
002809,11.72
002810,39.95
002811,10.04
002812,105.7
002813,22.75
002815,16.82
002816,26.5
002817,15.66
002818,16.39
002819,38.09
002820,11.91
002821,263
002822,7.56
002823,11.79
002824,19.5
002825,16.5
002826,11.27
002827,12.55
002828,9.67
002829,40.1
002830,12.42
002831,28.62
002832,16.5
002833,41.62
002835,14.47
002836,10.91
002837,19.77
002838,24.28
002839,6.39
002840,12.23
002841,106.75
002842,11.29
002843,8.31
002845,29.69
002846,14.95
002847,124.49
002848,11.76
002849,14.25
002850,67.85
002851,36.6
002852,17.62
002853,23.62
002855,12.76
002856,16.14
002857,13.63
002858,17.85
002859,27.21
002860,13.74
002861,24
002862,23.84
002863,7.3
002864,27.13
002865,19.6
002866,16.44
002867,27.21
002868,13.96
002869,38.91
002870,23.57
002871,17.8
002872,5.49
002873,18.39
002875,10.09
002876,45.8
002877,7.99
002878,24.03
002879,15.76
002880,54.23
002881,21.98
002882,9.54
002883,15.15
002884,25.04
002885,15.69
002886,26.1
002887,12.44
002888,18.83
002889,26.45
002890,25.49
002891,54.28
002892,22.42
002893,9.53
002895,12.45
002896,32.5
002897,28.07
002898,12.19
002899,14.7
002900,10.17
002901,73.44
002902,15.5
002903,14.81
002905,10.52
002906,29.19
002907,16.07
002908,13.9
002909,11.42
002910,11.07
002911,17.17
002912,62.42
002913,62.3
002915,19.01
002916,112.29
002917,10.6
002918,28.79
002919,38.19
002920,73.48
002921,22.46
002922,16.29
002923,18.24
002925,65.26
002926,12.79
002927,13.71
002928,12.83
002929,27.48
002930,22.35
002931,21.34
002932,64.39
002933,35.2
002935,23.6
002936,4.18
002937,14.18
002938,55.4
002939,13.67
002940,46.49
002941,13.23
002942,33.87
002943,20.38
002945,16.5
002946,18.73
002947,49.7
002948,6.7
002949,22.6
002950,22.08
002951,14.97
002952,18.1
002953,21.59
002955,26
002956,35.32
002957,23.1
002958,5.14
002959,109.04
002960,40.57
002961,29.42
002962,20.41
002963,21.44
002965,35.17
002966,8.06
002967,27.89
002968,49.9
002969,6.43
002970,58.06
002971,22.55
002972,21.03
002973,24.46
002975,113.18
002976,31.04
002977,131.24
002978,53.69
002979,47.7
002980,51.61
002981,32.74
002982,81.3
002983,34.67
002984,24.72
002985,156.19
002986,42.03
002987,53.85
002988,17.43
002989,42.5
002990,80.9
002991,104.15
002992,31.29
002993,77.46
002995,60.1
002996,18.43
002997,19.32
002998,10.48
002999,12.64
003000,19.22
003001,37.29
003002,17.25
003003,17.39
003004,51.68
003005,57.17
003006,21.64
003007,36.86
003008,40.55
003009,64.25
003010,39.52
003011,75.46
003012,15.69
003013,22.37
003015,18.29
003016,10.78
003017,56.9
003018,15.24
003019,36.68
003021,108.17
003816,2.82
300001,25.97
300002,6.15
300003,29.67
300004,6.54
300005,7.1
300006,8.22
300007,17.16
300008,7.03
300009,16.1
300010,12.34
300011,7.06
300012,25.07
300013,7.26
300014,62.24
300015,67.01
300016,11.68
300017,7.8
300018,7.37
300019,20.78
300020,9.24
300021,5.41
300022,5.34
300023,11.46
300024,13.74
300025,5.55
300026,5.15
300027,4.49
300029,5.82
300030,12.99
300031,20.26
300032,6.04
300033,143.74
300034,27.35
300035,11.67
300036,20.31
300037,85.72
300038,6.23
300039,5.26
300040,8.12
300041,15.08
300042,16.7
300043,3.81
300044,7.15
300045,11.6
300046,28.29
300047,8.64
300048,5.23
300049,9.71
300050,6.54
300051,6.12
300052,10.77
300053,10.85
300054,16.7
300055,6.83
300056,7.6
300057,6.1
300058,6.57
300059,28.36
300061,5.85
300062,14
300063,6.11
300064,4.09
300065,14.68
300066,5.42
300067,5.17
300068,14.88
300069,16.24
300070,8.66
300071,3
300072,6.44
300073,46.1
300074,4.89
300075,12.45
300076,7.08
300077,9.23
300078,9.88
300079,5.01
300080,5.28
300081,9.21
300082,9.15
300083,9.13
300084,4.94
300085,22.12
300086,6.53
300087,20.59
300088,10.16
300089,5.41
300091,4.45
300092,10.59
300093,10.87
300094,5.65
300095,11.98
300096,9.07
300097,12.59
300098,5.23
300099,7.68
300100,14.19
300101,15.84
300102,7.47
300103,12.62
300105,4.86
300106,12.74
300107,7.12
300108,4.4
300109,15.62
300110,5.18
300111,3.41
300112,10.13
300113,17.74
300114,15.06
300115,26.29
300116,2.83
300117,3.81
300118,18.15
300119,22
300120,11.47
300121,13.04
300122,139.31
300123,14.16
300124,85.47
300125,14.38
300126,9.36
300127,18.71
300128,4.2
300129,7.09
300130,13.04
300131,10.04
300132,21.4
300133,7.08
300134,12.13
300135,3.09
300136,45.81
300137,7.2
300138,17.9
300139,12.24
300140,8.81
300141,12.16
300142,45.66
300143,22.08
300144,18.67
300145,3.42
300146,25.86
300147,10
300148,4.05
300149,17.46
300150,5.21
300151,26.26
300152,3.38
300153,7.79
300154,6.66
300155,8.52
300157,4.43
300158,5.67
300159,3.92
300160,8.66
300161,19.93
300162,8.74
300163,4.22
300164,4.76
300165,5.96
300166,12.66
300167,6.24
300168,23.2
300169,6.62
300170,9.35
300171,17.94
300172,6.44
300173,7.23
300174,18.49
300175,5.82
300176,8.95
300177,11.16
300178,4.25
300179,7.53
300180,6.76
300181,6.73
300182,5.16
300183,19.89
300184,6.09
300185,3.99
300187,7.27
300188,23.23
300189,5.6
300190,8.67
300191,19.88
300192,17.31
300193,7.99
300194,6.4
300195,7.01
300196,15.02
300197,3.33
300198,5.3
300199,7.51
300200,12.13
300201,3.6
300202,10.82
300203,12.93
300204,10.34
300205,12.02
300206,17.61
300207,27.32
300208,10.9
300209,11.86
300210,4.93
300211,7.71
300212,29.5
300213,8.46
300214,9
300215,8.57
300217,3.88
300218,12.58
300219,11.73
300220,27.87
300221,8.59
300222,11.66
300223,95.66
300224,11.31
300225,15.47
300226,64.64
300227,12.14
300228,6.65
300229,10.3
300230,5.85
300231,9.91
300232,10.62
300233,23.65
300234,7.23
300235,14.59
300236,53.86
300237,3.26
300238,26.06
300239,6.1
300240,6.35
300241,8.16
300242,5.72
300243,14.92
300244,35.43
300245,10.6
300246,29.11
300247,3.15
300248,10.55
300249,7.2
300250,13.01
300251,13.58
300252,10.89
300253,17.46
300254,7.85
300255,6.56
300256,7.12
300257,14.65
300258,16
300259,5.38
300260,20.15
300261,6.89
300262,4.2
300263,8
300264,4.99
300265,11.87
300266,3.71
300267,4.81
300268,14.02
300269,5.15
300270,7.11
300271,26.58
300272,5.65
300273,6.32
300274,47
300275,11.33
300276,5.14
300277,11.2
300278,5.53
300279,6.39
300280,55.7
300281,7.35
300282,5.47
300283,6.5
300284,7.2
300285,39
300286,18.61
300287,4.74
300288,12.75
300289,6.98
300290,7.87
300291,5.77
300292,4.89
300293,20.23
300294,40.2
300295,13.86
300296,7.47
300297,5.79
300298,36.44
300299,8.46
300300,6.09
300301,5.42
300302,12.54
300303,6.37
300304,5.61
300305,9.98
300306,11.2
300307,7.15
300308,51.28
300309,3.36
300310,6.09
300311,7.01
300312,7.53
300313,19.48
300314,19.51
300315,6.4
300316,29.84
300317,6.3
300318,16.87
300319,10.51
300320,6.94
300321,21.82
300322,14.2
300323,14.65
300324,4.93
300325,3.39
300326,15.33
300327,39.4
300328,10.41
300329,7.92
300330,11.17
300331,24.58
300332,5.43
300333,11.09
300334,8.72
300335,6.22
300336,3.93
300337,6.04
300338,7.35
300339,10.7
300340,12.2
300341,9.06
300342,14.61
300343,3.77
300344,5.08
300345,4.8
300346,33.66
300347,130
300348,20.58
300349,14.45
300350,6.12
300351,10.14
300352,6.4
300353,10.54
300354,16.01
300355,3.7
300356,7.04
300357,63.1
300358,13.59
300359,6.74
300360,10.01
300363,34.88
300364,8.35
300365,11.02
300366,10.98
300367,3.68
300368,14.89
300369,16.79
300370,3.03
300371,15.09
300373,46.9
300374,12.78
300375,5.62
300376,8.86
300377,9.46
300378,28.9
300379,38.99
300380,22.11
300381,12.83
300382,8.63
300383,19.16
300384,17.63
300385,9.03
300386,21.81
300387,8.28
300388,9.59
300389,10.47
300390,17.24
300391,9.93
300392,9.97
300393,9.18
300394,57.24
300395,50
300396,26.12
300397,21.99
300398,18.98
300399,19.07
300400,13.24
300401,13.99
300402,19.91
300403,7.61
300404,12.81
300405,9.61
300406,21.34
300407,8.62
300408,34.2
300409,14.62
300410,8.9
300411,11.08
300412,11.83
300413,67.5
300414,13.57
300415,14.75
300416,23.87
300417,16.08
300418,22.83
300419,10.71
300420,6.7
300421,8.15
300422,12.16
300423,14.54
300424,21.3
300425,4.93
300426,7.66
300427,24.45
300428,16.66
300429,18.95
300430,12.33
300432,10.8
300433,32.79
300434,8.68
300435,13.74
300436,37.2
300437,11.28
300438,22.2
300439,21.32
300440,9.15
300441,8.8
300442,37.85
300443,33.38
300444,6.3
300445,16.7
300446,10.05
300447,16.31
300448,10.21
300449,13.2
300450,66.72
300451,14.62
300452,22.38
300453,16.02
300454,212
300455,13.38
300456,28.37
300457,28.34
300458,35.99
300459,4.12
300460,18.98
300461,17.5
300462,23.2
300463,46.9
300464,19.19
300465,13.4
300466,6.96
300467,16.48
300468,22.85
300469,14.67
300470,39.81
300471,12.02
300472,10.97
300473,23.68
300474,61.8
300475,12.09
300476,24.61
300477,6.21
300478,11.2
300479,15.92
300480,17.4
300481,23.31
300482,70.85
300483,35.38
300484,17.17
300485,17.61
300486,16.66
300487,45.94
300488,19
300489,35.7
300490,10.09
300491,19.25
300492,47.3
300493,8.87
300494,16.14
300495,7.24
300496,90.95
300497,14.8
300498,19.43
300499,11.01
300500,15.34
300501,23.21
300502,58.41
300503,18.58
300504,20.61
300505,17.15
300506,5.94
300507,12.83
300508,27.46
300509,7.87
300510,5.61
300511,14.79
300512,13.51
300513,13.25
300514,16.57
300515,12
300516,35.07
300517,18.59
300518,41.86
300519,20.66
300520,25.66
300521,22.8
300522,27.5
300523,36.51
300525,28.38
300526,59.6
300527,11.13
300528,7.11
300529,69.78
300530,34
300531,17.7
300532,10.81
300533,29.45
300534,6.97
300535,15.73
300536,13.92
300537,22.1
300538,25.12
300539,8.93
300540,21.05
300541,21.4
300542,17.64
300543,15.2
300545,30.59
300546,20.59
300547,11.68
300548,39.32
300549,30.4
300550,20.58
300551,28.61
300552,39.3
300553,37.74
300554,23.69
300555,11.84
300556,21.94
300557,32.19
300558,98.05
300559,15.85
300560,19.44
300561,19.36
300562,20.64
300563,31.54
300564,28.79
300565,16.66
300566,34.56
300567,50.91
300568,24.39
300569,16.76
300570,19.33
300571,40
300572,44.69
300573,119.37
300575,39.18
300576,56.15
300577,30.91
300578,44.91
300579,44.29
300580,22.85
300581,46.18
300582,22.27
300583,28.43
300584,24.83
300585,15.57
300586,11.95
300587,14.63
300588,11.43
300589,37.46
300590,30.54
300591,8.15
300592,20.5
300593,21.9
300594,27.43
300595,71.51
300596,43.6
300597,12.64
300598,121.96
300599,12.7
300600,23.29
300601,156.9
300602,21.9
300603,13.16
300604,25
300605,15.06
300606,23.79
300607,35.7
300608,16.29
300609,27.7
300610,18.41
300611,11.93
300612,25.05
300613,140.35
300615,15.71
300616,71.96
300617,46.34
300618,69.01
300619,26.84
300620,47.25
300621,11.05
300622,16.68
300623,54.55
300624,58.7
300625,17.93
300626,12.09
300627,23.37
300628,73.8
300629,24.99
300630,43.31
300631,19.51
300632,22.12
300633,24.37
300634,24.21
300635,25.34
300636,27.86
300637,9.62
300638,58.55
300639,37.03
300640,8.69
300641,6.07
300642,53.49
300643,14.4
300644,39.92
300645,15.96
300647,12.28
300648,30
300649,17.77
300650,22.74
300651,45.77
300652,22.52
300653,64.15
300654,10.56
300655,36.02
300656,35.64
300657,17.8
300658,27.01
300659,47.19
300660,19.78
300661,295.05
300662,52.98
300663,25.12
300664,9.19
300665,12.88
300666,53.99
300667,28.2
300668,17.68
300669,36.77
300670,9.74
300671,46.2
300672,51.47
300673,35.06
300674,37.2
300675,20.45
300676,131.5
300677,130.18
300678,25.49
300679,37.41
300680,28.61
300681,43.55
300682,15
300683,47.44
300684,26.72
300685,75.88
300686,22.9
300687,24.66
300688,24.27
300689,49.81
300690,58.3
300691,15.28
300692,14.82
300693,25.7
300694,12.67
300695,65.09
300696,52.89
300697,17.24
300698,18.97
300699,79.25
300700,21.26
300701,34.26
300702,100.64
300703,11.82
300705,23.95
300706,30.8
300707,19.3
300708,31.4
300709,60.93
300710,37.8
300711,22.13
300712,18.49
300713,28.92
300715,42.91
300716,10.89
300717,24.46
300718,21.69
300719,21.76
300720,30.2
300721,33.84
300722,70.25
300723,42.4
300724,121.5
300725,121.98
300726,51.76
300727,39.75
300729,48.51
300730,15.24
300731,24.37
300732,15.24
300733,23.21
300735,15.11
300736,11.4
300737,21.14
300738,41.47
300739,22.85
300740,15.94
300741,61.56
300742,32.03
300743,18.57
300745,23.16
300746,14.37
300747,79.13
300748,40.81
300749,11.17
300750,249.72
300751,501.23
300752,39.39
300753,28.11
300755,29.05
300756,25.22
300757,39.98
300758,26.12
300759,100.73
300760,350
300761,38.07
300762,44.21
300763,105.63
300765,22.09
300766,27.15
300767,70.5
300768,39.93
300769,161.88
300770,79.19
300771,33.38
300772,14.68
300773,33.55
300775,33.35
300776,125.81
300777,46.91
300778,30.9
300779,21.08
300780,20.22
300781,42.8
300782,511.93
300783,52.95
300785,101.42
300786,27.53
300787,44.26
300788,46.65
300789,62.29
300790,21.48
300791,91.4
300792,118.29
300793,20.6
300795,24.6
300796,23.7
300797,19.08
300798,15.31
300799,59.14
300800,32.16
300801,23.5
300802,35.65
300803,32.49
300805,23.6
300806,48.83
300807,56.21
300808,20.27
300809,24.81
300810,47.81
300811,75.9
300812,50.1
300813,60.85
300815,94.83
300816,100.56
300817,33.93
300818,38.77
300819,50.26
300820,54.9
300821,14.01
300822,55.2
300823,39.08
300824,30.67
300825,28.44
300826,37.2
300827,56.28
300828,35.41
300829,106.8
300830,15.18
300831,25.57
300832,151.36
300833,55.96
300835,63.31
300836,58.65
300837,59
300838,23.38
300839,30.71
300840,21.45
300841,488.16
300842,64.58
300843,35.86
300845,40.19
300846,26.37
300847,27.8
300848,59.88
300849,32.39
300850,132.9
300851,43.34
300852,104.05
300853,65.55
300855,44.7
300856,64.28
300857,36
300858,72.95
300859,25.1
300860,155.02
300861,46.55
300862,46.52
300863,135.49
300864,111.2
300865,46.34
300866,183.08
300867,39.07
300868,47.74
300869,146.9
300870,83.18
300871,48.95
300872,45.72
300873,49.08
300875,101.51
300876,46.25
300877,62.17
300878,63.4
300879,33.54
300880,42.93
300881,38.95
300882,32.95
300883,18.8
300884,58.41
300885,44.78
300886,64.57
300887,93.3
300888,150.45
300889,38
300890,59.3
300891,22.73
300892,83.5
300893,44.8
300895,63.51
300896,572.05
300897,51.69
300898,59.35
300899,58.62
300900,56.91
300901,27.91
300902,44.7
300903,56.15
300905,76.85
300906,51.55
300907,49.37
300908,108.5
300909,69.86
300910,87
300911,56
300915,117.27
300916,132.31
300999,70.97
000670,0
000760,0
000792,0
000995,0
002260,0
002359,0
002450,0
002710,0
002711,0
002720,0
003020,0
003022,0
003023,0
003025,0
003026,0
003027,0
300362,0
300646,0
300728,0
300912,0
300913,0
300917,0
300918,0
300919,0
688699,0
688688,0
688678,0
688668,0
688608,0
688590,0
688571,0
688510,0
688308,0
688136,0
605500,0
605376,0
605299,0
605186,0
605183,0
605151,0
603302,0
601206,0
600891,0
600701,0
600677,0
600614,0
600485,0
689009,67.06
688981,58.2
688788,240
688777,106.39
688600,20.56
688599,19.85
688598,121.12
688596,23
688595,79.2
688589,45.91
688588,31.2
688586,34.23
688585,15.19
688580,104.66
688579,18.15
688578,33.81
688577,52.9
688569,23.46
688568,55.91
688567,29.82
688566,30.28
688561,112.88
688559,25.8
688558,31.7
688557,56.91
688556,28.78
688555,45.88
688551,40.15
688550,101.59
688536,376.24
688529,45.38
688528,20.14
688526,44.41
688521,92.67
688520,54.15
688519,37.45
688518,17.88
688516,77.25
688513,53.96
688508,103.85
688505,21.59
688500,47.38
688488,28.72
688466,30.85
688418,33.93
688408,134.26
688399,187.11
688398,65.18
688396,70.11
688393,43.92
688390,164.31
688389,20.49
688388,59.39
688386,74.99
688379,29.23
688378,60.08
688377,23.74
688369,69.8
688368,204.13
688366,105.58
688365,33.43
688363,146.8
688360,38.15
688358,58.5
688357,68.69
688356,105.51
688339,235.98
688338,69.21
688336,26.9
688335,42.68
688333,130.1
688330,90.68
688321,44.73
688318,232.6
688313,27
688312,33.52
688311,92.03
688310,31.74
688309,38.65
688301,200.5
688300,53.69
688299,22.77
688298,143
688289,102.36
688288,41.2
688286,152.98
688278,39.95
688277,48.53
688268,66.87
688266,81.18
688258,63.35
688256,166.42
688233,45.94
688229,120.38
688228,56.74
688222,36.61
688221,23.06
688219,25.37
688218,23
688215,57.75
688208,74.8
688202,149.24
688200,319.19
688199,47.84
688198,85.01
688196,54.46
688189,49.26
688188,267.5
688186,36.78
688185,401.82
688181,62.91
688180,71.45
688179,65.43
688178,38.1
688177,37.34
688169,888
688168,75.04
688166,48.68
688165,14.74
688160,52.07
688159,36.2
688158,51.14
688157,94.47
688156,24.16
688155,75
688139,76.39
688138,25.76
688135,54.95
688133,114
688129,26.8
688128,18.86
688127,29.43
688126,35.71
688123,66.58
688122,58.98
688118,29.4
688116,41.09
688111,345
688108,15.9
688106,29.7
688101,19.34
688100,26.24
688099,69.83
688098,18.48
688096,23.15
688095,305.01
688093,28.11
688090,49.6
688089,49.91
688088,69.03
688086,49.18
688085,41.44
688081,36.95
688080,65.78
688078,34.89
688077,45.7
688069,79.86
688068,38.64
688066,41.43
688065,93.71
688060,112.86
688058,92.68
688057,36.13
688056,39.05
688055,10.13
688051,95
688050,175.95
688039,70.76
688037,98.26
688036,144.12
688033,17.11
688030,34.46
688029,184.5
688028,43.7
688027,265.8
688026,61.25
688025,48.17
688023,248.24
688022,34
688021,72.38
688020,92.46
688019,308.64
688018,153.02
688017,116.75
688016,235.01
688015,41.62
688013,36.94
688012,148.3
688011,53.27
688010,33.35
688009,6.15
688008,80.1
688007,22.66
688006,57.79
688005,33.31
688004,59.68
688003,32.38
688002,98
688001,42.02
605399,20.77
605388,19.72
605369,65.3
605366,14.31
605358,92.78
605338,43.6
605336,32.84
605333,17.74
605318,19.41
605288,129.58
605266,139.71
605258,42.08
605255,18.74
605222,23.96
605218,17.17
605199,28.03
605198,26.7
605188,11.91
605178,57.94
605177,48.2
605169,29.6
605168,209.2
605166,11.29
605158,12.63
605136,33.92
605128,30.33
605123,72.98
605118,18.35
605116,19.15
605111,208
605108,26.88
605100,50.15
605099,31.79
605088,20.89
605068,40.5
605066,15.06
605058,29.73
605050,12.54
605018,16.24
605009,189.39
605008,27.74
605007,27.04
605006,9.19
605003,35.13
605001,16.71
603999,6.16
603998,6.62
603997,8.59
603996,2.87
603995,28.65
603993,4.66
603992,16.9
603991,38.73
603990,45.38
603989,28.38
603988,13.81
603987,15.75
603986,216.5
603985,31
603983,59.12
603982,19.02
603980,6.98
603979,11.5
603978,19.94
603977,7.66
603976,83.79
603970,22.56
603969,4.29
603968,17.64
603967,14.53
603966,14.83
603963,8.78
603960,41.1
603959,12.09
603958,7.83
603956,17.49
603955,17.1
603950,24.38
603949,16.8
603948,21.58
603939,101.29
603938,23.97
603937,11.42
603936,14.99
603933,13.03
603931,50.05
603929,15.49
603928,13.12
603927,42.99
603926,13.14
603922,16.96
603920,31.13
603919,40.25
603918,11.76
603917,11.3
603916,25.42
603915,28.35
603912,17.25
603909,19.09
603908,27.57
603906,28.72
603903,12.29
603901,10.02
603900,9.39
603899,80.34
603898,17.62
603897,19.33
603896,48.05
603895,19.31
603893,77.77
603890,12.66
603889,5.2
603888,19.13
603887,20.54
603886,18.08
603885,11.97
603883,72.96
603882,94.9
603881,70.18
603880,12.39
603879,8.8
603878,8.26
603877,35.23
603876,14.54
603871,24.28
603869,10.33
603868,54.54
603867,26.63
603866,62.38
603863,11.6
603861,8.54
603860,26.24
603859,38.51
603858,25.13
603856,13.92
603855,16.64
603848,13.88
603843,4.3
603839,11.08
603838,8.45
603833,133.55
603829,11.36
603828,5.41
603826,41.91
603825,25.74
603823,15.08
603822,25.02
603819,12.33
603818,9.62
603817,6.18
603816,77.28
603815,12.9
603813,17.73
603811,21.65
603810,27.24
603809,21.38
603808,13.66
603806,70.14
603803,11.62
603801,37.71
603800,10.6
603799,53.64
603798,10.58
603797,8.63
603790,13.13
603789,13.25
603788,15.45
603787,36
603786,78.31
603779,6.25
603778,4.77
603777,14.85
603776,19.37
603773,30.73
603768,15.12
603767,8.27
603766,3.94
603758,8.9
603757,19.61
603755,70.83
603739,24.57
603738,25.14
603737,144.84
603733,23.08
603730,31.48
603729,16.3
603728,15.98
603727,17.73
603726,13.3
603725,7.97
603722,32.2
603721,14.76
603719,60.15
603718,14.69
603717,7.93
603716,17.49
603713,133.5
603712,37.97
603711,23.37
603709,25.09
603708,25.1
603707,38.76
603706,17.7
603703,12.3
603701,10.18
603700,28.42
603699,15.34
603698,11.5
603697,21.1
603696,12.69
603693,11.86
603690,35.99
603689,11.9
603688,21.87
603687,10.55
603686,18.99
603685,12.54
603683,14.37
603682,9.29
603681,21.08
603680,12.23
603679,23.72
603678,52.99
603677,12.73
603676,10.55
603669,9.39
603668,9.02
603667,8.47
603666,86.3
603665,26.67
603663,17.07
603662,28.47
603661,59.74
603660,8.39
603659,101.38
603658,151.31
603657,19.57
603656,15.79
603655,41.11
603650,36.43
603648,9.47
603639,20.88
603638,56.14
603637,8.82
603636,9.96
603633,11.02
603630,16.68
603629,34.04
603628,10.4
603626,14.17
603619,11.36
603618,5.94
603617,12.57
603616,6.29
603615,12.57
603613,92.82
603612,16.81
603611,16.78
603610,26.88
603609,13.2
603608,7.4
603607,14.99
603606,21.85
603605,166.05
603603,6.26
603602,13.33
603601,14.6
603600,15.65
603599,22.36
603598,12.88
603596,37.47
603595,23.57
603590,40.82
603589,63.69
603588,15.3
603587,19.78
603586,16.35
603585,17.89
603583,65
603580,13.08
603579,35.63
603578,23.05
603577,10.31
603569,8.69
603568,21.28
603567,11.84
603566,24.34
603565,23.42
603559,18.66
603558,9.73
603557,10.29
603556,15.16
603555,2.49
603551,15.91
603538,33.2
603536,21.22
603535,50.2
603533,38.46
603530,22.96
603528,10.6
603527,9.8
603520,70.58
603519,16
603518,6.05
603517,75.3
603516,34.37
603515,32.45
603508,29.06
603507,22.39
603506,22.68
603505,27
603501,217.64
603500,13.1
603499,9.61
603496,19.22
603489,177.8
603488,11.38
603486,67.46
603477,12.92
603466,25.02
603458,15.38
603456,32.86
603444,401.8
603439,26.65
603429,41.04
603421,10.68
603416,86.79
603408,18.55
603399,5.85
603398,11.83
603396,32.11
603393,25.57
603392,180.81
603390,11.76
603389,3.96
603388,7.57
603387,32.62
603386,16.91
603385,12.59
603383,37.92
603380,22.29
603379,19.2
603378,51.01
603377,19.87
603369,50.79
603368,23.78
603367,15.03
603366,5.01
603365,14.38
603363,13.86
603360,20.2
603359,18.62
603358,17.76
603357,10.23
603356,12.91
603355,32.91
603353,42.95
603351,24.35
603348,29.68
603345,172.4
603339,10.97
603338,104.99
603337,30.3
603336,13.03
603335,5.08
603333,6.64
603332,37.07
603331,10.58
603330,34.08
603329,14.14
603328,8.29
603327,25.14
603326,11.73
603323,5.22
603322,20.44
603321,8.15
603320,12.96
603319,43.7
603318,7.41
603317,67.34
603316,9.2
603315,12.1
603313,33.65
603311,13.36
603309,13.6
603308,25.15
603306,23.35
603305,35.63
603303,12.42
603301,58.94
603300,6.34
603299,7.03
603298,20.71
603297,37.78
603290,214.31
603289,8.97
603288,181.95
603286,19.09
603283,42.5
603279,21.54
603278,8.56
603277,14.39
603269,12.87
603268,17.58
603267,104.23
603266,12.5
603260,38.06
603259,110.97
603258,33.94
603256,10.59
603239,17.65
603238,33.87
603236,188.38
603233,86.5
603232,31.5
603229,37.52
603228,32.4
603227,4.7
603226,10.25
603225,12.33
603223,21.31
603222,41.8
603221,14.28
603220,16.18
603218,27.32
603217,29.13
603214,29.35
603212,34.6
603208,102.98
603203,34.3
603200,27.36
603199,21.49
603198,31.56
603197,32.2
603196,6.5
603195,189.15
603192,25.69
603189,20.49
603188,5.62
603187,52.61
603186,38.69
603185,105.51
603183,9.07
603181,19.76
603180,57.42
603179,29.56
603178,10.37
603177,8.69
603169,4.52
603168,7.84
603167,9.55
603166,7.07
603165,13.14
603161,19.37
603160,165.08
603159,12.88
603158,20.23
603157,1.82
603156,27.77
603155,38.62
603139,18.49
603138,17.1
603136,27.72
603133,13.03
603131,27.15
603129,144.53
603128,7.93
603127,96.36
603126,5.7
603123,8.8
603121,13.85
603118,12.12
603117,3.82
603116,6.78
603115,17.55
603113,14.65
603112,13.2
603111,6.27
603110,19.6
603109,29.24
603108,12.38
603106,8.01
603105,9.38
603103,17.25
603101,5.23
603100,12.02
603099,8.55
603098,9.71
603096,53
603095,27.12
603093,21.51
603090,17.11
603089,13.5
603088,8.36
603087,110.98
603086,17.69
603085,10.61
603083,15.87
603081,12.11
603080,14.26
603079,25.21
603078,39.22
603077,1.45
603076,44.02
603069,19.37
603068,79.08
603067,7.07
603066,9.17
603063,16.13
603060,19.9
603059,26.47
603058,8.68
603056,13.76
603055,7.25
603053,14.88
603050,14.23
603045,13.69
603043,38.65
603042,16.45
603041,17.12
603040,33.22
603039,93.65
603038,10.58
603037,17.24
603036,9.29
603035,14.55
603033,20.89
603032,15
603031,25.54
603030,5.46
603029,15.3
603028,11.63
603027,38.07
603026,44.88
603025,8.69
603023,4.88
603022,14.81
603021,6.79
603020,10.38
603019,36.06
603018,11.75
603017,10.96
603016,24.7
603015,6.97
603013,16.58
603012,7.25
603011,6.08
603010,24.23
603009,7.02
603008,17.2
603007,6.75
603006,10.3
603005,70.41
603003,8.11
603002,6.28
603001,7.78
603000,17.19
601999,6.59
601998,5.27
601997,8.39
601996,2.96
601995,63.7
601992,3.11
601991,2.34
601990,13.15
601989,4.32
601988,3.28
601985,4.83
601975,2.62
601969,6.58
601968,7.87
601966,34.58
601965,15.81
601958,6.19
601952,12.52
601949,6.34
601939,7.14
601933,7.86
601929,2.1
601928,6.96
601919,9.78
601918,2.84
601916,4.19
601908,6.68
601901,9.2
601900,9.37
601899,9.13
601898,4.4
601890,5.87
601888,196.43
601886,6.2
601882,12.31
601881,13.15
601880,2.04
601878,16.28
601877,33.29
601872,5.98
601869,28.7
601866,3.04
601865,31.88
601860,4.45
601858,10.3
601857,4.29
601838,11.53
601828,9.25
601827,8.92
601818,4.31
601816,5.91
601811,10.28
601808,13.85
601801,5.26
601800,7.79
601799,195
601798,8.36
601789,4.28
601788,19.43
601778,6.9
601777,5.23
601766,5.63
601727,5.31
601718,3.22
601717,9.68
601702,8.26
601700,4.65
601699,6.52
601698,20
601696,26.32
601689,35.88
601688,19.43
601686,18.52
601678,5.4
601677,13.23
601669,4.13
601668,5.3
601666,5.81
601658,5
601636,11.54
601633,25.39
601628,41.71
601619,3.16
601618,2.75
601616,3.28
601615,17.11
601611,7.82
601609,11.86
601608,3.83
601607,20.29
601606,12.77
601601,38.79
601600,3.99
601599,3.05
601598,5
601595,12.47
601588,2.47
601579,10.27
601577,10.15
601568,10.69
601567,7.13
601566,12.18
601555,10.29
601519,10.46
601518,2.41
601515,6.25
601512,10.78
601500,6.67
601456,21
601399,4.05
601398,5.31
601390,5.65
601388,3.03
601377,8.95
601375,5.6
601369,7.04
601368,5.73
601366,6.73
601360,17.33
601339,4.19
601336,63.35
601333,2.38
601330,9.79
601328,4.7
601326,2.79
601319,7.05
601318,92.19
601311,9.08
601298,6.09
601288,3.27
601258,1.09
601238,13.29
601236,17.33
601233,19.66
601231,22.36
601229,8.14
601228,3.49
601226,4.15
601225,10.11
601222,7.33
601218,3.47
601216,5.29
601212,3.01
601211,18.89
601208,10.98
601200,11.98
601199,4.12
601198,13.26
601188,2.86
601187,12.86
601186,8.56
601179,4.51
601177,8.54
601169,5.02
601168,13.7
601166,21.12
601163,17.44
601162,6.38
601158,5.36
601155,35.89
601139,7.82
601138,13.84
601137,12.35
601128,7.6
601127,18.62
601126,7.58
601118,5.27
601117,6.29
601116,13.01
601113,3.39
601111,8.1
601108,13.47
601107,3.4
601106,3.06
601101,4.2
601100,99.02
601099,4.06
601098,10.74
601088,18.89
601086,4.76
601077,4.71
601069,14.15
601068,3.87
601066,44.03
601058,5.72
601038,11.3
601028,12.12
601021,51.4
601020,10.5
601019,6.18
601018,3.95
601016,2.81
601015,3.46
601012,69.24
601011,3.81
601010,3.17
601009,8.52
601008,4.12
601007,8.32
601006,6.85
601005,1.57
601003,5.06
601002,5.27
601001,5.87
601000,2.65
600999,23.84
600998,17.9
600997,5.57
600996,6.31
600995,8.14
600993,21.39
600992,6.87
600990,43.07
600989,12.94
600988,17.21
600987,5.67
600986,4.74
600985,11.21
600984,15.41
600983,6.98
600982,3.19
600981,3.28
600980,14.88
600979,3.43
600978,1.1
600977,13.32
600976,27.59
600975,8.55
600973,4.52
600971,5.5
600970,7.51
600969,6.67
600968,2.54
600967,10.13
600966,13.87
600965,6.02
600963,4.4
600962,8.08
600961,7.8
600960,4.03
600959,3.65
600958,11.77
600956,9.08
600939,3.9
600936,3.68
600933,16.1
600929,6.18
600928,5.85
600926,14.63
600919,6.25
600918,16.57
600917,7.18
600909,8.39
600908,6.06
600903,12.51
600901,5.9
600900,20.12
600898,6.17
600897,18.11
600896,4.28
600895,18.23
600894,8.66
600893,48
600892,3.19
600890,6.54
600889,7.12
600888,6.58
600887,39.79
600886,9.33
600885,49.98
600884,14.08
600883,8.53
600882,39.17
600881,3.25
600880,4
600879,6.8
600877,5.91
600876,15.5
600875,10.58
600874,6.84
600873,5.27
600872,68.35
600871,2.21
600870,2.75
600869,3.9
600868,3.17
600867,13.7
600866,4.8
600865,7.8
600864,7.1
600863,2.6
600862,25.5
600861,19.86
600860,3.97
600859,34.14
600858,7.36
600857,8.99
600856,1.41
600855,14.67
600854,4.08
600853,2.81
600851,7.63
600850,24.3
600848,21.77
600847,10.45
600846,8.47
600845,61.77
600844,4.3
600843,6.59
600841,9.47
600839,2.96
600838,7.56
600837,13.44
600836,5.1
600835,20.25
600834,9.72
600833,10.9
600831,7.36
600830,5.9
600829,7.25
600828,3.99
600827,13.43
600826,9.74
600825,5.16
600824,3.95
600823,5.64
600822,10.78
600821,4.69
600820,5.78
600819,4.93
600818,9.98
600817,15.99
600816,1.52
600815,2.51
600814,6.23
600812,10.69
600811,3.99
600810,10.1
600809,262.94
600808,2.77
600807,3.71
600805,4.53
600804,7.85
600803,14.4
600802,8.93
600801,24.35
600800,5.38
600798,3.66
600797,8.39
600796,5.22
600795,2.16
600794,3.41
600793,9.66
600792,3.55
600791,4.22
600790,3.31
600789,9.12
600787,4.77
600785,13.92
600784,5.5
600783,16.64
600782,4.63
600781,3.63
600780,3.4
600779,71.1
600778,4.55
600777,1.72
600776,13.21
600775,7.51
600774,13.11
600773,6.17
600771,14.41
600770,5.87
600769,5.41
600768,9.94
600767,3.06
600766,6.93
600765,18.33
600764,34.5
600763,233.6
600761,16.11
600760,62.7
600759,2.08
600758,3.26
600757,5.69
600756,16.23
600755,7.14
600754,51.46
600753,17
600751,3.42
600750,11.37
600749,9.64
600748,5.35
600746,7.98
600745,110.62
600744,2.83
600743,2.27
600742,11.02
600741,30.43
600740,6.01
600739,22.94
600738,7.44
600737,8.99
600736,5.01
600735,5.78
600734,1.59
600733,9.18
600732,16.16
600731,12.47
600730,5.02
600729,29.9
600728,9.06
600727,7.59
600726,2.39
600725,1.87
600724,3.9
600723,10.16
600722,4.21
600721,4.22
600720,15.25
600719,3.96
600718,11.33
600717,4.83
600716,4.13
600715,2.67
600714,5.81
600713,4.65
600712,5.15
600711,6.21
600710,5.69
600708,2.74
600707,7.74
600706,7.86
600705,4.62
600704,4.58
600703,29.01
600702,61.32
600699,25.08
600698,2.27
600697,14.45
600696,8.92
600695,7.49
600694,22.43
600693,4.53
600692,6.75
600691,2.32
600690,27.22
600689,7.72
600688,3.6
600687,0.81
600686,7.95
600685,25.67
600684,3.34
600683,4.41
600682,10.98
600681,5.24
600679,14.38
600678,6.76
600676,5.08
600675,3.77
600674,10.36
600673,5.56
600671,8.74
600668,14.97
600667,11.11
600666,1.38
600665,3.52
600664,3.33
600663,11.55
600662,8.92
600661,15.01
600660,39.07
600658,5.97
600657,4.46
600655,9.09
600654,1.82
600653,1.91
600652,2.23
600651,3.57
600650,9.15
600649,5.62
600648,14.54
600647,13.8
600645,22.1
600644,5.37
600643,8.51
600642,5.52
600641,18.18
600640,15.28
600639,12.8
600638,6.53
600637,9.64
600636,13.5
600635,4.32
600634,0.82
600633,9.19
600630,6.35
600629,8.21
600628,8.91
600626,4.24
600624,8.81
600623,6.41
600622,3.82
600621,19.64
600620,7.17
600619,7.42
600618,7.81
600617,4.5
600616,6.59
600615,8.13
600613,5.29
600612,48.4
600611,3.68
600610,4.73
600609,5.95
600608,4.23
600606,6.48
600605,12.5
600604,7.37
600603,5
600602,6.33
600601,4.48
600600,96.23
600599,5.45
600598,17.45
600597,15.56
600596,13.67
600595,2.6
600594,5.89
600593,27.59
600592,10.83
600590,5.81
600589,3.79
600588,44.11
600587,15.46
600586,4.94
600585,55.87
600584,44.44
600583,4.66
600582,3.26
600581,3.76
600580,14.3
600579,5.84
600578,3.02
600577,3.41
600576,3.8
600575,2.24
600573,9.7
600572,5.27
600571,8.83
600570,94.3
600569,2.27
600568,1.6
600567,3.25
600566,22.14
600565,2.96
600563,88.1
600562,16.95
600561,5.03
600560,9.88
600559,19.47
600558,3.18
600557,12.3
600556,14.03
600555,1.74
600552,6.8
600551,8.15
600550,4.81
600549,15.19
600548,9.06
600547,24.36
600546,7.68
600545,4.33
600543,9.64
600540,5.18
600539,7.11
600538,5.88
600537,3.86
600536,78.62
600535,16.73
600533,3.39
600532,13.16
600531,5.73
600530,2.94
600529,48.51
600528,9.45
600527,2.83
600526,5.01
600525,6.8
600523,17.45
600522,10.82
600521,34.78
600520,8.03
600519,1793.11
600518,3
600517,6.32
600516,6.65
600515,7.02
600513,10.5
600512,3.07
600511,50.1
600510,7.81
600509,3.93
600508,9.5
600507,7.15
600506,10.29
600505,7.18
600503,3.98
600502,4.03
600501,10.28
600500,5.43
600499,5.53
600498,24.98
600497,4.76
600496,5.45
600495,4.14
600493,5.5
600491,6
600490,4.2
600489,9.59
600488,5.14
600487,14.86
600486,121.5
600483,7.91
600482,17.48
600481,3.89
600480,9.21
600479,9.16
600478,4.49
600477,4.17
600476,12.08
600475,12.66
600470,4.17
600469,5.26
600468,4.75
600467,2.92
600466,5.09
600463,6.87
600462,2.29
600461,6.87
600460,20.41
600459,25.3
600458,7.82
600456,41.02
600455,23.3
600452,18.05
600449,14.88
600448,3.97
600446,18.26
600444,10.97
600439,2.96
600438,29.4
600436,229.85
600435,8.86
600433,4.53
600429,5.18
600428,4.52
600426,34.9
600425,4.04
600423,2.7
600422,9.61
600421,10.4
600420,10.43
600419,14.93
600418,10.53
600416,17.52
600415,5.52
600410,10.08
600409,9.08
600408,2.15
600406,22.54
600405,5.78
600403,3.99
600400,3.26
600399,11.61
600398,6.71
600397,3.52
600396,2.48
600395,7.26
600393,2.98
600392,9.36
600391,24.85
600390,7.39
600389,21.96
600388,10.24
600387,6.75
600386,3.84
600385,6.1
600383,14.59
600382,5.54
600381,5.53
600380,14.88
600379,5.7
600378,20.5
600377,9.6
600376,6.33
600375,7.79
600373,11.8
600372,17.88
600371,13.87
600370,3.29
600369,5.46
600368,3.7
600367,7.55
600366,6.73
600365,2.34
600363,25.65
600362,21.18
600361,4.45
600360,9.2
600359,8.18
600358,3.16
600356,8.75
600355,3.09
600354,4
600353,5.93
600352,14.57
600351,5.46
600350,6.93
600348,5.43
600346,25.69
600345,19.52
600343,9.41
600340,14.64
600339,3.09
600338,10.16
600337,4.97
600336,8.85
600335,6.42
600333,5.65
600332,31.3
600331,2.86
600330,9.9
600329,16.88
600328,6.85
600327,4.22
600326,7.79
600325,6.47
600323,24.16
600322,2.57
600321,2.21
600320,3.09
600319,4.62
600318,10.9
600317,2.74
600316,38.37
600315,39.15
600313,4.35
600312,6.81
600311,1.74
600310,4.04
600309,84.36
600308,5.37
600307,1.69
600306,4.88
600305,22.4
600303,4.78
600302,4.52
600301,6.39
600300,4.04
600299,12.66
600298,50.52
600297,3.39
600295,10.97
600293,2.61
600292,5.57
600291,5.95
600290,2.07
600289,4.05
600288,11.22
600287,6.1
600285,9.39
600284,6.38
600283,10.67
600282,3.27
600281,4.01
600280,2.55
600279,3.87
600278,9.78
600277,3.29
600276,91.32
600275,2.68
600273,10.27
600272,7.89
600271,14.06
600269,3.53
600268,7.33
600267,16.78
600266,5.65
600265,16.48
600262,18.41
600261,4.38
600260,11.91
600259,32.74
600258,24.9
600257,5
600256,3.04
600255,1.87
600252,3.22
600251,7.21
600250,5.99
600249,4.75
600248,4.18
600247,1.54
600246,7.92
600243,2.7
600242,2.87
600241,3.54
600239,2.88
600238,5.27
600237,5.05
600236,4.58
600235,5.39
600234,9.28
600233,13.49
600232,6
600231,2.37
600230,9.81
600229,7.1
600228,11.03
600227,2.94
600226,2.08
600225,1.66
600223,10.93
600222,5.56
600221,1.61
600220,2.91
600219,2.77
600218,10.29
600217,5.53
600216,14.49
600215,5.64
600213,9.47
600212,3.16
600211,69.42
600210,4.57
600209,5.12
600208,3.25
600207,5.79
600206,14.67
600203,10.55
600202,4.41
600201,24.25
600200,5.66
600199,10.12
600198,11.4
600197,23.32
600196,55.29
600195,13.94
600193,5.01
600192,5.13
600191,6.82
600190,3.06
600189,7.97
600188,11.14
600187,2.53
600186,2.84
600185,8.22
600184,11.81
600183,29.43
600182,16.65
600180,6.09
600179,5.42
600178,8.55
600177,7.35
600176,16.68
600173,5.07
600172,3.63
600171,15.85
600170,3.09
600169,2.13
600168,7.27
600167,13.26
600166,3.36
600165,7.97
600163,3.5
600162,2.06
600161,42.42
600160,7.53
600159,2.65
600158,13.63
600157,1.43
600156,4.58
600155,14.94
600153,9.29
600152,7
600151,7.58
600150,19.04
600149,4.91
600148,15.45
600146,1.48
600145,1.57
600143,17.87
600141,11.97
600139,3.45
600138,11.45
600137,15.82
600136,8.16
600135,6.89
600133,6.15
600132,116.51
600131,17.61
600130,4.28
600129,14.7
600128,7.23
600127,10.74
600126,5.91
600125,5.38
600123,5.57
600122,1.17
600121,4.25
600120,6.8
600119,8.16
600118,33.84
600117,4.29
600116,8.67
600115,5.06
600114,8.62
600113,6.93
600112,1.38
600111,13.33
600110,7.38
600109,17.73
600108,3.33
600107,8.56
600106,2.75
600105,4.11
600104,25.24
600103,2.1
600101,5.82
600100,6.62
600099,6.82
600098,6.04
600097,10.2
600096,5.9
600095,14.35
600094,4.75
600093,8.85
600091,2.23
600090,1.83
600089,8.44
600088,11.31
600086,0.92
600085,25.28
600084,2.25
600083,6.47
600082,3.34
600081,14.11
600080,6.12
600079,33.81
600078,4.45
600077,3.79
600076,3.92
600075,6.75
600073,10.1
600072,12.24
600071,10.18
600070,10.59
600068,6.79
600067,3.96
600066,17.82
600064,10.5
600063,3.91
600062,12.7
600061,15.22
600060,11.67
600059,11
600058,7.47
600057,6.55
600056,15.36
600055,11.35
600054,8.82
600053,23.88
600052,3.27
600051,9.5
600050,4.83
600048,16.96
600039,4.82
600038,54.2
600037,10.78
600036,45.78
600035,2.99
600033,2.74
600031,32.05
600030,30.3
600029,6.42
600028,4.18
600027,3.52
600026,7.01
600025,4.55
600023,3.65
600022,1.45
600021,7.46
600020,3.55
600019,6.07
600018,4.64
600017,2.92
600016,5.36
600015,6.55
600012,6.4
600011,4.95
600010,1.19
600009,81.06
600008,3.04
600007,12.92
600006,6.35
600004,14.99
688699,0
